Timestamp(ms),Acc_X(g),Acc_Y(g),Acc_Z(g),Acc_Total(g),Gyro_X(deg/s),Gyro_Y(deg/s),Gyro_Z(deg/s),Pitch(deg),Roll(deg)
26210,1.0415,-0.0166,0.0425,1.0425,33.9024,3.9634,7.3171,-67.64,46.86
27740,0.9629,0.2808,0.1372,1.0123,-14.6951,24.6341,-14.2073,-74.25,72.53
27750,0.9736,0.2666,0.1567,1.0216,-11.0366,25.9756,-15.7317,-74.25,72.53
27760,0.9785,0.2261,0.1553,1.0162,-9.0854,26.4634,-17.1951,-73.83,71.13
27770,0.9634,0.2109,0.1440,0.9967,-9.8171,26.3415,-17.9268,-73.83,71.13
27780,0.9492,0.2642,0.1411,0.9953,-13.1098,26.5244,-18.7805,-73.73,69.50
27790,0.9692,0.2891,0.1240,1.0190,-16.3415,27.6829,-20.6098,-73.73,69.50
27800,0.9780,0.2969,0.1372,1.0313,-14.8171,29.8780,-21.7073,-73.31,69.08
27820,0.9604,0.2666,0.1660,1.0105,-3.9634,35.4268,-24.3293,-73.31,69.08
27830,0.9541,0.2441,0.1680,0.9991,-2.5000,37.2561,-25.4268,-72.80,68.27
27840,0.9707,0.2388,0.1772,1.0152,-2.0732,39.3902,-26.5244,-72.80,68.27
27850,0.9766,0.2480,0.1875,1.0249,0.7317,41.4634,-26.8902,-72.46,66.77
27860,0.9761,0.2539,0.2017,1.0285,5.1220,44.3293,-26.9512,-72.46,66.77
27870,0.9873,0.2544,0.2139,1.0417,7.8049,47.6220,-27.3171,-71.98,65.29
27880,0.9814,0.2515,0.2197,1.0367,6.7683,49.3902,-26.4024,-71.98,65.29
27890,0.9663,0.2422,0.2241,1.0211,3.5366,51.1585,-24.2073,-71.45,63.71
27900,0.9604,0.2378,0.2266,1.0151,-1.5854,52.9878,-22.0122,-71.45,63.71
27910,0.9629,0.2412,0.2173,1.0161,-8.2927,54.8781,-19.5732,-70.94,61.96
27920,0.9751,0.2446,0.2031,1.0256,-14.5122,57.8659,-16.4634,-70.94,61.96
27930,0.9966,0.2524,0.1826,1.0442,-20.7317,60.9146,-13.4756,-70.52,60.67
27940,1.0308,0.2524,0.1538,1.0723,-28.5976,62.7439,-10.5488,-70.52,60.67
27950,1.0718,0.2393,0.1138,1.1040,-38.5976,61.8293,-7.6220,-70.31,60.21
27960,1.1377,0.2271,0.0918,1.1638,-50.7317,55.7317,-4.4512,-70.31,60.21
27970,1.3281,0.1250,0.0308,1.3343,-64.5732,43.1707,-1.8902,-70.56,60.53
27980,1.4839,-0.0317,-0.1855,1.4958,-86.1585,17.2561,2.9878,-70.56,60.53
27990,1.2720,0.2104,-0.3521,1.3365,-119.2683,-23.2317,9.2073,-71.62,36.67
28000,1.0186,0.5815,-0.3188,1.2154,-129.3293,-40.9756,3.6585,-71.62,36.67
28010,1.0908,0.5483,-0.2036,1.2377,-112.6220,-38.2927,-2.8049,-70.52,43.71
28020,1.1025,0.4043,-0.0522,1.1755,-91.7073,-38.7195,-3.2927,-70.52,43.71
28030,1.0044,0.3340,0.0854,1.0619,-81.9512,-44.5122,-4.2073,-70.79,48.25
28040,0.9893,0.3013,0.1592,1.0463,-82.9268,-48.3537,-7.6829,-70.79,48.25
28050,1.0034,0.3315,0.1533,1.0678,-84.7561,-52.7439,-9.4512,-71.25,48.90
28060,0.9683,0.3955,0.0889,1.0497,-81.2195,-57.9268,-8.8415,-71.25,48.90
28070,0.9297,0.4668,0.0498,1.0415,-72.0732,-61.4024,-8.9634,-71.37,51.01
28080,0.9102,0.5405,0.0410,1.0594,-59.6341,-63.1707,-9.9390,-71.37,51.01
28090,0.8892,0.5791,0.0493,1.0623,-44.1463,-63.7195,-12.0122,-70.73,53.94
28100,0.8955,0.5767,0.0562,1.0666,-28.1098,-62.9878,-14.0244,-70.73,53.94
28110,0.9023,0.5601,0.0425,1.0629,-12.4390,-63.2317,-16.1585,-69.93,56.73
28120,0.8950,0.5244,-0.0112,1.0374,0.1220,-66.0366,-18.8415,-69.93,56.73
28130,0.8672,0.5293,-0.0229,1.0162,8.9024,-70.9756,-21.2195,-69.49,60.18
28140,0.8252,0.5522,-0.0254,0.9933,16.1585,-75.0610,-23.7195,-69.49,60.18
28150,0.8291,0.5464,-0.0244,0.9932,25.0610,-75.6707,-25.6098,-68.84,63.58
28160,0.8857,0.4951,-0.0088,1.0148,35.6707,-73.9024,-27.6829,-68.84,63.58
28170,0.9272,0.4458,0.0117,1.0289,46.4634,-72.3781,-29.3902,-68.70,66.64
28180,0.9683,0.4077,0.0264,1.0509,54.8781,-72.8659,-31.7683,-68.70,66.64
28190,1.0322,0.3892,0.0117,1.1032,57.8049,-75.1220,-35.7317,-69.20,69.10
28200,1.0801,0.4111,-0.0156,1.1558,56.2195,-81.2195,-39.5122,-69.20,69.10
28210,1.1099,0.4463,-0.0513,1.1973,53.2317,-89.4512,-42.4390,-69.92,71.91
28220,1.1064,0.5078,-0.0435,1.2182,58.8415,-93.5366,-44.0244,-69.92,71.91
28230,1.0405,0.5894,0.0347,1.1963,75.1829,-92.0122,-44.3293,-70.30,74.74
28240,0.9897,0.5908,0.1230,1.1592,92.4390,-87.3781,-45.8537,-70.30,74.74
28250,0.9819,0.5645,0.1646,1.1445,104.4512,-81.7073,-48.2317,-69.92,75.92
28260,0.9902,0.5693,0.1509,1.1522,109.7561,-80.0610,-50.1829,-69.92,75.92
28270,1.0107,0.6284,0.1060,1.1949,112.5610,-80.1829,-51.7683,-69.57,76.83
28280,0.9780,0.7378,0.0874,1.2282,122.3171,-76.5244,-52.2561,-69.57,76.83
28290,0.9282,0.7969,0.1230,1.2295,140.6098,-72.5610,-50.4878,-68.58,78.58
28300,0.8994,0.7749,0.1685,1.1991,166.3415,-61.5244,-49.0244,-68.58,78.58
28310,0.8701,0.7002,0.2246,1.1392,191.0366,-49.5732,-48.1707,-67.14,79.99
28330,0.6816,0.5952,0.3291,0.9629,221.4025,-24.5122,-49.8171,-67.14,79.99
28340,0.6401,0.5781,0.2998,0.9132,222.3171,-18.1098,-52.8659,-65.60,80.42
28350,0.5967,0.6216,0.2563,0.8989,222.1342,-15.4878,-54.7561,-65.60,80.42
28360,0.5454,0.6899,0.2114,0.9045,226.0976,-12.8659,-53.5366,-63.33,81.14
28370,0.5205,0.6929,0.1777,0.8846,237.9878,-11.7683,-53.0488,-60.71,82.73
28380,0.4771,0.5869,0.2578,0.7991,255.1829,-11.8902,-53.5366,-60.71,82.73
28390,0.5649,0.2642,0.1738,0.6474,264.6342,-14.6951,-55.6707,-60.85,82.50
28400,0.5142,-0.2539,0.5337,0.7834,264.0854,-23.3537,-51.1585,-60.85,82.50
28410,0.1880,-0.8105,1.0562,1.3445,276.7683,-10.6707,-35.1220,-55.66,72.99
28420,0.1318,-1.1348,2.3838,2.6434,269.9390,18.7195,-16.5244,-55.66,72.99
28430,0.9946,-1.3896,2.0146,2.6418,185.5488,21.3415,-0.6707,-52.12,63.90
28440,1.4331,-1.9897,-0.3940,2.4836,-103.2927,-22.9268,12.8049,-52.12,63.90
28450,1.7334,-0.6084,-0.7578,1.9872,-274.1464,-43.3537,-3.9024,-53.37,40.92
28460,1.5566,0.7754,-0.7275,1.8851,-207.8049,-80.3049,12.6220,-53.37,40.92
28470,1.2534,2.0298,-0.0928,2.3874,-65.0610,-79.3902,24.5732,-51.91,45.51
28480,2.7900,4.0596,0.5801,4.9599,81.5244,2.9878,-18.5976,-51.91,45.51
28490,2.6865,2.7441,0.8813,3.9401,177.8049,-7.9268,-16.1585,-51.09,49.78
28500,1.2349,-0.1387,-0.0215,1.2428,135.0610,-121.3415,2.1951,-51.09,49.78
28510,0.5327,-0.2930,-0.6045,0.8573,76.2195,-169.2073,20.3659,-51.09,49.78
28520,-0.2896,-0.0991,-0.8574,0.9104,17.9878,-136.8293,4.8171,-51.35,30.07
28530,0.2466,0.5674,-1.1182,1.2779,-23.1098,-106.0976,9.2073,-51.35,30.07
28540,0.6250,0.8589,-0.9126,1.4004,19.2683,-73.2317,8.0488,-48.28,42.16
28550,0.2812,0.3003,-0.6558,0.7741,61.5854,-38.3537,-6.5244,-48.28,42.16
28560,0.8008,-0.0791,-0.7104,1.0734,40.9146,-15.6707,-1.9512,-45.93,54.04
28570,0.9399,0.0342,-0.7261,1.1882,8.6585,17.5000,-4.1463,-45.93,54.04
28580,1.0391,0.4453,-0.6191,1.2889,-22.3171,40.6098,-8.1707,-46.40,66.45
28590,0.9170,0.6484,-0.6470,1.2961,-54.8171,55.0000,-11.0366,-46.40,66.45
28600,0.8330,0.7671,-0.6523,1.3069,-82.9878,73.8415,-16.9512,-45.77,72.80
28610,0.9131,0.7334,-0.6123,1.3216,-104.2683,103.5976,-28.1707,-45.77,72.80
28620,1.2100,0.6963,-0.5591,1.5038,-123.1098,137.6829,-46.5244,-44.63,77.57
28630,1.6641,0.8911,-0.5039,1.9537,-124.8171,163.9634,-60.5488,-44.53,80.64
28640,1.7896,1.0483,-0.2080,2.0844,-93.1098,180.8537,-61.2195,-44.53,80.64
28650,2.1182,1.0015,0.1655,2.3488,-52.2561,185.6707,-63.3537,-44.85,80.16
28660,2.2939,0.8633,0.5703,2.5165,-17.4390,186.5244,-40.7317,-44.85,80.16
28670,2.0801,0.2021,0.8120,2.2421,-26.0976,137.1342,-11.6463,-45.94,73.31
28680,1.4316,-0.2529,0.7368,1.6299,-73.2927,82.9878,-1.0366,-45.94,73.31
28690,1.3091,0.1802,0.2080,1.3377,-140.2439,37.3171,-10.5488,-48.82,68.81
28700,1.1919,0.9976,-0.3535,1.5940,-150.2439,-9.8171,-20.7317,-48.82,68.81
28710,0.9658,1.5107,-0.8486,1.9838,-54.3902,-25.0610,-42.6829,-47.08,73.37
28720,1.0845,1.5376,-1.6816,2.5235,31.3415,-47.7439,-90.4878,-47.08,73.37
28730,0.8843,1.7847,-1.9067,2.7573,85.3659,-77.9268,-143.1098,-44.94,80.49
28740,0.7607,1.8623,-1.3350,2.4143,209.3902,-62.7439,-169.6342,-44.94,80.49
28750,0.9863,1.3872,-0.4829,1.7693,381.4024,-16.9512,-176.7073,-43.99,86.79
28760,1.4141,0.4336,0.1099,1.4831,481.7073,14.9390,-189.8171,-43.99,86.79
28770,1.8540,-0.4277,0.2476,1.9187,461.1585,6.2195,-200.4878,-47.04,76.27
28780,1.9102,-0.6924,0.4360,2.0780,360.7927,-55.0610,-196.7683,-47.04,76.27
28790,1.5234,-0.5708,0.4248,1.6814,217.1951,-147.9268,-186.8902,-50.17,65.26
28800,1.0547,-0.2168,0.2979,1.1172,103.6585,-208.8415,-186.5244,-50.17,65.26
28810,0.7905,0.1738,0.1606,0.8252,61.5854,-213.1707,-201.7683,-54.40,64.02
28820,0.7241,0.4175,0.0820,0.8399,66.1585,-188.6585,-218.8415,-54.40,64.02
28830,0.7627,0.5469,0.0449,0.9396,90.2439,-162.9878,-227.5000,-55.85,66.96
28840,0.8730,0.5581,0.0337,1.0367,117.3171,-143.8415,-232.3781,-55.85,66.96
28850,0.9990,0.4727,0.0312,1.1056,140.7317,-129.4512,-235.4878,-57.90,70.15
28860,1.1089,0.3950,0.0083,1.1772,156.1585,-121.5244,-237.0122,-57.90,70.15
28870,1.1982,0.3237,-0.0073,1.2412,161.2195,-119.4512,-235.7317,-60.67,73.72
28880,1.2314,0.2793,0.0020,1.2627,167.1342,-114.2683,-229.3902,-60.67,73.72
28890,1.2495,0.1982,-0.0112,1.2652,178.8415,-101.4634,-219.7561,-63.61,77.28
28900,1.1616,-0.0083,-0.0596,1.1632,192.1951,-89.3902,-203.8415,-63.61,77.28
28910,0.8618,-0.2593,-0.0918,0.9046,207.2561,-71.3415,-180.5488,-65.12,60.47
28920,0.5420,-0.5679,-0.0972,0.7910,214.5732,-43.1707,-153.9024,-65.12,60.47
28930,0.2466,-0.9106,-0.0439,0.9445,203.7805,-10.5488,-124.3902,-60.22,46.98
28940,-0.0537,-1.1899,0.0200,1.1913,176.4634,26.7073,-95.7927,-60.22,46.98
28950,-0.3364,-1.3232,0.0835,1.3679,130.9756,68.4756,-70.0610,-52.16,34.82
28960,-0.4512,-1.3271,0.0850,1.4043,72.3171,113.4756,-48.7805,-52.16,34.82
28970,-0.3184,-1.2036,-0.0542,1.2462,4.3902,149.7561,-29.2073,-44.11,22.12
28980,-0.0854,-0.8545,-0.1616,0.8738,-58.3537,170.4878,-4.2073,-44.11,22.12
28990,0.0171,-0.4429,-0.1001,0.4544,-90.6098,191.2195,24.0244,-38.20,8.82
29000,0.0918,-0.1753,0.0527,0.2048,-88.5366,224.2073,52.0732,-38.20,8.82
29010,0.2261,-0.1597,0.1582,0.3188,-71.5854,256.9512,78.7195,-36.58,2.77
29020,0.3691,-0.2905,0.2305,0.5232,-61.6463,277.1342,103.2927,-36.58,2.77
29030,0.5088,-0.3838,0.2612,0.6888,-68.3537,289.0244,122.8049,-35.08,-3.70
29040,0.6772,-0.2896,0.2075,0.7652,-90.0610,295.4268,137.4390,-35.08,-3.70
29050,0.8101,-0.1006,0.0649,0.8189,-109.4512,292.9878,150.7927,-37.10,-10.03
29060,0.8589,0.1763,0.0127,0.8769,-115.1829,287.1951,162.3171,-37.10,-10.03
29070,0.9429,0.4243,-0.1294,1.0420,-107.1951,284.9390,166.4634,-37.30,0.70
29080,0.9985,0.6826,-0.3691,1.2646,-97.8659,278.0488,164.8171,-37.30,0.70
29090,0.9541,0.9175,-0.6729,1.4849,-95.7317,259.6951,160.7927,-35.23,12.40
29100,0.8481,1.0371,-1.0029,1.6736,-89.7561,237.8659,159.0854,-35.23,12.40
29110,0.6748,1.1958,-1.2432,1.8522,-63.2317,231.8293,156.2805,-31.76,24.20
29120,0.5586,1.3604,-1.5337,2.1248,-25.9756,229.7561,151.4634,-31.76,24.20
29130,0.4468,1.3042,-1.3594,1.9361,16.7073,215.4268,144.5122,-27.98,35.55
29140,0.4624,0.9990,-1.2642,1.6763,77.2561,220.0610,136.9512,-27.98,35.55
29150,0.8145,0.6255,-1.3267,1.6777,114.3902,225.1829,113.5976,-26.06,48.50
29160,1.0781,0.6367,-1.3403,1.8342,37.2561,124.0854,69.2683,-26.06,48.50
29170,0.7437,0.9897,-1.2275,1.7434,8.9634,60.7317,53.8415,-25.43,57.84
29180,0.3521,1.2466,-1.1152,1.7093,33.6585,21.9512,30.0610,-25.43,57.84
29190,-0.0337,1.3008,-0.8618,1.5607,86.2805,9.4512,5.3659,-22.68,65.19
29200,-0.0796,1.2114,-1.3828,1.8401,144.0244,14.2683,-13.8415,-22.68,65.19
29210,0.9258,0.1895,-5.3101,5.3935,-46.0976,-152.5610,-59.6951,-22.77,76.05
29220,-0.3999,2.5889,-1.6079,3.0737,-233.2927,-229.5122,-153.6585,-22.77,76.05
29230,1.0591,3.4624,0.8906,3.7287,-46.9512,-20.6098,-174.6951,-22.33,75.58
29240,0.5176,2.8594,1.4551,3.2498,535.9756,158.7195,-37.1951,-22.33,75.58
29250,1.7451,0.2607,-0.1353,1.7697,718.1098,206.7683,49.1463,-26.28,86.23
29260,4.1548,-3.8564,-0.3232,5.6779,494.2683,107.9268,21.3415,-26.28,86.23
29270,3.7754,-0.1699,1.2563,3.9826,276.7683,167.5000,-42.4390,-29.29,79.32
29280,3.1304,2.7842,0.6646,4.2418,45.0610,46.5244,-50.9146,-29.29,79.32
29290,2.1353,2.2573,0.2119,3.1144,-89.0854,-100.9146,3.9634,-31.60,79.05
29300,1.4492,1.1553,-0.3706,1.8900,-147.8049,-160.3659,60.8537,-31.60,79.05
29310,1.3066,0.5356,-0.8882,1.6683,-162.6829,-158.9634,57.4390,-35.02,84.57
29320,1.3247,0.5337,-0.8687,1.6716,-129.2073,-77.5000,12.5610,-35.02,84.57
29330,1.9424,0.5601,-0.5288,2.0895,-63.5366,22.3171,-25.7317,-38.16,88.88
29340,2.4438,0.0986,-0.1021,2.4480,-4.6341,77.1951,-33.7805,-38.16,88.88
29350,2.1997,-0.1260,0.3994,2.2392,-12.9268,71.4634,-15.0000,-41.62,78.13
29360,1.6938,-0.1973,0.7920,1.8802,-86.1585,35.9146,-4.5122,-41.62,78.13
29370,1.3667,0.0073,0.9541,1.6668,-174.0244,2.8659,-19.7561,-42.94,68.79
29380,1.2197,0.2837,0.7217,1.4453,-227.0122,-31.5244,-29.3902,-42.94,68.79
29390,1.2095,0.3896,0.2930,1.3040,-235.9146,-60.0610,-30.3659,-45.99,65.09
29400,1.2500,0.5244,-0.2734,1.3829,-208.5366,-90.4878,-28.8415,-45.99,65.09
29410,0.9292,0.6094,-0.5620,1.2452,-116.6463,-99.8781,-31.5244,-47.12,70.80
29420,0.7573,0.3950,-0.5918,1.0391,3.5976,-80.1220,-51.8902,-47.12,70.80
29430,1.0728,0.0947,-0.7627,1.3197,59.2073,-81.8293,-78.6585,-48.58,81.55
29440,1.1445,0.1914,-0.8828,1.4581,56.1585,-109.8171,-94.8171,-48.58,81.55
29450,1.0225,0.5439,-0.9395,1.4913,26.8293,-160.0610,-103.7195,-49.49,88.63
29460,0.5815,0.6475,-0.5181,1.0128,23.5976,-204.2683,-88.7195,-49.49,88.63
29470,0.5132,0.3682,-0.1489,0.6489,65.7317,-180.6098,-82.0732,-51.39,91.56
29480,0.8716,0.1138,0.1699,0.8952,83.7195,-145.0000,-96.9512,-51.39,91.56
29490,1.1968,-0.1606,0.3452,1.2559,64.6341,-150.9146,-106.8293,-54.85,80.49
29500,1.2114,-0.2510,0.5884,1.3699,22.1951,-193.5366,-105.0610,-54.85,80.49
29510,1.0107,-0.2124,0.7544,1.2790,-22.0732,-237.3171,-105.9146,-56.72,70.67
29520,0.8394,-0.1094,0.6362,1.0589,-57.6220,-255.1829,-113.4756,-56.72,70.67
29530,0.8076,0.1152,0.5083,0.9612,-76.3415,-252.8659,-124.4512,-59.04,64.19
29540,0.8018,0.3154,0.4238,0.9602,-76.9512,-248.1707,-131.3415,-59.04,64.19
29550,0.7666,0.4038,0.3374,0.9298,-67.1951,-245.8537,-133.5366,-60.90,62.18
29560,0.7461,0.4561,0.2837,0.9193,-53.5976,-237.6220,-133.8415,-60.90,62.18
29570,0.7988,0.5117,0.2451,0.9798,-38.9634,-225.3049,-133.7805,-62.30,62.05
29580,0.9482,0.5498,0.0728,1.0985,-26.1585,-210.8537,-134.8171,-62.30,62.05
29590,1.0542,0.6445,-0.1309,1.2425,-17.5000,-196.4025,-134.6342,-63.64,65.84
29600,1.0581,0.7275,-0.2383,1.3060,-1.5854,-178.1098,-124.0244,-63.64,65.84
29610,0.9658,0.7119,-0.2739,1.2307,24.8171,-148.9634,-102.9268,-63.79,70.58
29620,0.7939,0.5850,-0.2266,1.0119,58.0488,-109.1463,-77.1951,-63.79,70.58
29630,0.6064,0.3071,-0.1436,0.6948,89.2073,-62.5610,-52.5610,-64.05,75.83
29640,0.4741,-0.0386,-0.1196,0.4905,104.3293,-21.4024,-25.0000,-64.05,75.83
29650,0.3589,-0.2725,-0.1362,0.4707,92.8049,7.8659,3.6585,-62.54,57.43
29660,0.2524,-0.3813,-0.1953,0.4973,58.5976,31.2805,28.5976,-62.54,57.43
29670,0.1689,-0.3975,-0.2480,0.4980,13.2317,54.5732,51.1585,-57.78,39.61
29680,0.1089,-0.2852,-0.2861,0.4184,-27.9268,81.4634,74.6341,-57.78,39.61
29690,0.0522,-0.0708,-0.3027,0.3153,-55.4268,109.5732,97.9268,-51.97,18.46
29700,0.0137,0.1421,-0.2935,0.3263,-64.4512,139.4512,119.5122,-51.97,18.46
29710,0.0688,0.2900,-0.2710,0.4029,-54.5122,174.1463,139.7561,-46.19,29.43
29720,0.2349,0.3428,-0.2075,0.4645,-33.8415,210.1829,158.6585,-46.19,29.43
29730,0.4009,0.2241,-0.1338,0.4784,-11.8293,241.4634,177.1951,-45.09,38.47
29740,0.4980,0.0312,-0.0337,0.5002,-2.8049,266.2195,192.4390,-45.09,38.47
29750,0.6333,-0.1113,0.0049,0.6430,-13.1707,284.7561,201.4634,-46.02,25.75
29760,0.8472,-0.1821,-0.0928,0.8715,-39.8780,288.5976,204.1463,-46.02,25.75
29770,0.9673,-0.1069,-0.2148,0.9966,-66.5244,273.9024,206.3415,-46.56,7.22
29780,0.9043,0.0718,-0.3857,0.9857,-87.4390,250.8537,207.5610,-46.56,7.22
29790,0.8296,0.2759,-0.5342,1.0245,-106.3415,229.6951,203.7195,-45.24,20.81
29800,0.7744,0.5156,-0.6519,1.1360,-118.8415,215.4878,192.4390,-45.24,20.81
29810,0.7129,0.7236,-0.7842,1.2833,-125.4878,208.1707,172.0122,-42.22,31.33
29820,0.5620,0.8574,-0.9175,1.3758,-129.2683,198.8415,157.0122,-42.22,31.33
29830,0.3872,0.9546,-1.0220,1.4511,-128.9024,188.6585,151.6463,-37.85,40.73
29840,0.3584,1.1299,-1.1904,1.6799,-130.4268,181.5854,145.1829,-37.85,40.73
29850,0.5225,1.3062,-1.3779,1.9692,-137.2561,163.4756,135.6098,-34.13,49.08
29860,0.6416,1.4229,-1.5308,2.1862,-131.7073,132.6219,134.2683,-34.13,49.08
29870,0.5347,1.5210,-1.4849,2.1918,-82.0122,111.3415,144.2073,-31.13,56.86
29880,0.3174,1.5034,-1.2651,1.9904,7.9268,115.3659,147.1342,-31.13,56.86
29890,0.2349,1.2246,-0.9097,1.5435,95.4878,125.1220,128.5366,-27.76,64.70
29900,0.3511,0.8633,-0.4492,1.0346,155.0000,130.3049,95.5488,-27.76,64.70
29910,0.4326,0.5054,-0.4482,0.8022,155.7927,111.4634,63.1707,-27.25,72.79
29920,0.4956,0.2998,-0.7500,0.9476,70.7317,49.5732,33.6585,-27.25,72.79
29930,0.3203,0.5674,-1.0288,1.2178,-28.4146,-31.5854,8.7195,-26.33,80.36
29940,0.8145,0.8862,-2.9858,3.2193,-110.1829,-116.7683,-18.5976,-26.33,80.36
29950,1.2466,0.7891,-6.1372,6.3120,-338.5976,-347.4390,-128.5366,-27.97,86.55
29960,2.0483,2.8179,-0.5786,3.5314,-338.1707,-231.5244,-236.8902,-27.97,86.55
29970,5.4849,4.2124,2.0308,7.2078,138.9634,120.4268,-265.8537,-29.04,85.57
29980,2.1050,5.4072,2.2188,6.2122,770.6708,336.4634,-110.9756,-29.04,85.57
29990,1.8403,-1.5166,0.1895,2.3922,517.3171,-191.4025,135.6707,-32.89,73.38
30000,0.2148,-0.6587,0.3892,0.7947,190.1219,-334.4512,125.9756,-32.89,73.38
30010,0.5747,-1.3940,-0.4546,1.5749,-98.5976,-279.3293,32.9268,-34.25,54.35
30020,1.1426,-0.6118,-1.1533,1.7349,-261.0976,-198.9025,-59.2683,-34.25,54.35
30030,1.0879,0.3862,-1.4062,1.8194,-250.9146,-197.7439,-60.3659,-36.28,63.12
30040,0.3374,0.8032,-1.3687,1.6224,-137.0122,-173.9025,-23.6585,-36.28,63.12
30050,0.1807,0.6680,-1.0713,1.2753,-51.8902,-77.7439,-33.5976,-34.17,71.15
30060,1.1377,0.7725,-0.6660,1.5279,-14.5122,24.0854,-63.1707,-34.17,71.15
30070,1.7681,0.8755,-0.4004,2.0132,14.8780,55.6707,-62.5000,-36.39,75.62
30080,1.8911,0.7290,-0.2212,2.0388,23.4146,57.6829,-56.6463,-36.39,75.62
30090,1.7827,0.5942,0.0781,1.8808,15.9146,54.0244,-50.4268,-39.41,76.46
30100,1.6558,0.5181,0.2261,1.7496,-10.3049,41.5854,-29.8171,-39.41,76.46
30110,1.3608,0.3940,0.3218,1.4528,-52.5000,18.9024,-15.9146,-42.25,73.41
30120,1.1226,0.3994,0.2939,1.2272,-98.7195,0.3049,-18.1098,-42.25,73.41
30130,1.1616,0.4517,0.2427,1.2697,-128.4146,-9.3293,-28.7195,-44.72,71.09
30140,1.3286,0.4282,0.0698,1.3977,-133.1707,-32.2561,-32.9878,-44.72,71.09
30150,1.2661,0.4946,-0.1045,1.3633,-109.2683,-60.7317,-31.4634,-47.62,73.19
30160,0.9883,0.4458,-0.0366,1.0848,-45.0610,-70.6707,-29.6341,-47.62,73.19
30170,0.9556,0.1504,0.0903,0.9715,24.5122,-62.2561,-42.9878,-51.38,71.99
30180,1.1572,-0.0205,0.0527,1.1586,45.0610,-75.5488,-61.9512,-51.38,71.99
30190,1.1655,-0.0527,-0.1289,1.1738,17.9878,-122.6829,-76.2195,-55.66,49.18
30200,1.0063,0.1201,-0.1162,1.0201,-11.4634,-164.2683,-89.2073,-55.66,49.18
30210,1.0591,0.1440,-0.1904,1.0857,-20.6098,-196.1585,-105.1220,-59.59,58.37
30220,0.9971,0.0151,0.2100,1.0190,-7.2561,-211.6463,-99.7561,-59.59,58.37
30230,1.0444,-0.1377,0.6611,1.2437,18.7195,-186.5244,-99.0244,-61.02,51.52
30240,1.2690,-0.3271,0.7749,1.5225,15.6707,-174.0854,-107.8659,-61.02,51.52
30250,1.2383,-0.3228,0.8052,1.5119,-17.8659,-202.7439,-108.9634,-62.25,44.03
30260,1.0508,-0.2026,0.7178,1.2886,-55.2439,-231.9512,-109.0854,-62.25,44.03
30270,0.9932,0.0464,0.5854,1.1538,-80.6707,-236.2805,-122.3171,-64.09,39.35
30280,1.0425,0.2915,0.4434,1.1697,-94.5122,-236.0366,-133.3537,-64.09,39.35
30290,1.0845,0.4761,0.3237,1.2278,-96.8902,-238.8415,-134.2073,-66.03,40.12
30300,1.1274,0.5874,0.2461,1.2949,-88.7805,-236.0366,-132.9878,-66.03,40.12
30310,1.2666,0.6602,0.1289,1.4341,-67.8659,-218.7195,-129.0244,-67.60,43.39
30320,1.4810,0.8677,-0.2246,1.7311,-48.6585,-190.3049,-130.6707,-67.60,43.39
30330,1.6050,0.9790,-0.3804,1.9181,-41.6463,-161.8902,-129.1463,-67.98,49.80
30340,1.3184,0.8438,-0.4834,1.6382,-27.1951,-127.7439,-86.2195,-67.98,49.80
30350,0.6812,0.7905,-0.3867,1.1129,12.3780,-85.7927,-20.4268,-65.73,56.54
30360,0.2715,0.4399,-0.3257,0.6110,70.3049,-29.3293,21.6463,-65.73,56.54
30370,0.1567,-0.0459,-0.2080,0.2645,100.3049,24.0244,45.9756,-62.57,35.03
30380,0.2090,-0.2681,-0.1118,0.3578,86.0976,61.4024,65.7317,-62.57,35.03
30390,0.3730,-0.4014,-0.1709,0.5740,45.0000,82.0122,84.2073,-59.63,20.63
30400,0.4146,-0.3247,-0.2266,0.5733,-2.2561,94.5122,105.0610,-59.63,20.63
30410,0.3149,-0.0713,-0.2280,0.3953,-38.2317,110.9146,127.5000,-57.95,1.96
30420,0.2153,0.1411,-0.1577,0.3019,-54.5122,134.0244,147.4390,-57.95,1.96
30430,0.2515,0.2441,-0.0830,0.3602,-50.2439,165.0610,163.5366,-55.10,12.19
30440,0.3818,0.2412,-0.0298,0.4526,-38.0488,195.0610,177.9878,-55.10,12.19
30450,0.5156,0.1465,-0.0000,0.5360,-30.7927,217.0122,192.6219,-55.05,19.69
30460,0.6230,0.0566,0.0205,0.6260,-32.7439,234.5732,204.7561,-55.05,19.69
30470,0.6782,0.0205,0.0513,0.6805,-40.2439,249.2073,212.2561,-55.84,19.54
30480,0.7515,0.0303,0.1064,0.7596,-52.1951,262.6219,214.6342,-55.84,19.54
30490,0.9155,0.0596,0.0728,0.9203,-70.0000,271.2805,212.8659,-56.22,20.89
30500,1.0581,0.1694,-0.0195,1.0718,-94.2073,266.9512,208.2317,-56.22,20.89
30510,1.0933,0.3135,-0.2305,1.1604,-123.5976,246.5854,207.5610,-55.42,30.32
30520,0.9775,0.4922,-0.4292,1.1756,-147.1342,221.3415,210.9146,-55.42,30.32
30530,0.8042,0.7007,-0.5669,1.2079,-152.0732,206.5854,209.7561,-52.20,38.82
30540,0.7339,0.8345,-0.7314,1.3304,-140.1219,204.5732,201.0366,-52.20,38.82
30550,0.7378,0.8848,-0.9150,1.4712,-121.8293,205.9146,190.1219,-48.13,47.43
30560,0.7104,0.9600,-1.0562,1.5943,-104.2073,201.5244,184.1463,-48.13,47.43
30570,0.7217,1.1270,-1.1738,1.7801,-101.5244,189.5732,173.9634,-44.01,55.39
30580,0.7935,1.3311,-1.2949,2.0194,-113.5366,163.4146,162.4390,-44.01,55.39
30590,0.7627,1.5371,-1.4272,2.2319,-120.2439,125.0000,150.7317,-40.48,62.06
30600,0.5454,1.6060,-1.5669,2.3091,-104.5122,85.2439,134.4512,-40.48,62.06
30610,0.1348,1.6460,-1.5518,2.2661,-60.1220,59.3902,109.5732,-36.24,68.64
30620,-0.1631,1.6099,-1.2197,2.0263,-2.3171,50.1829,73.8415,-36.24,68.64
30630,-0.2969,1.4771,-0.7515,1.6836,61.6463,52.8049,36.4634,-31.12,74.03
30640,-0.1738,1.0972,-0.3535,1.1657,115.1829,54.5732,12.9878,-31.12,74.03
30650,1.8389,-0.1099,-2.9058,3.4405,104.5122,27.2561,6.8902,-31.00,49.78
30660,3.1274,4.2715,-10.7583,11.9903,-312.7439,-376.1585,-175.0000,-31.00,49.78
30670,5.0479,4.0430,4.8823,8.1033,-467.9878,-258.1098,-507.6830,-34.07,44.56
30680,2.6333,5.5278,2.8223,6.7421,56.6463,224.7561,-371.0976,-34.07,44.56
30690,0.8853,4.4990,-0.7856,4.6521,607.1342,17.7439,105.2439,-31.60,55.56
30700,0.5391,-3.1309,-0.4805,3.2131,576.9512,-266.7073,194.9390,-31.60,55.56
30710,-0.8823,-1.8994,-0.8374,2.2556,380.9756,-197.0732,66.2195,-27.91,42.05
30720,-0.2261,0.4517,-0.1323,0.5221,170.4878,-149.5122,5.8537,-27.91,42.05
30730,0.9868,-0.3228,-0.5283,1.1649,-32.8049,-66.9512,-66.0976,-31.51,22.69
30740,1.6860,0.2773,-1.0728,2.0175,-143.9024,-47.3781,-69.5732,-31.51,22.69
30750,1.0527,0.4390,-1.1318,1.6069,-143.7805,-83.5976,-24.5732,-33.21,35.01
30760,0.3369,0.7495,-0.7393,1.1053,-84.7561,-35.0610,-16.4634,-33.21,35.01
30770,0.9956,0.6577,-0.5640,1.3198,-34.5122,47.5000,-40.4878,-34.36,44.26
30780,1.6475,0.5283,-0.2144,1.7433,-15.6707,83.7195,-46.5854,-34.36,44.26
30790,1.8589,0.4351,-0.0322,1.9094,-12.8049,88.7805,-39.8780,-37.80,49.14
30800,1.9834,0.1406,0.2178,2.0003,-27.9268,82.1951,-33.4756,-37.80,49.14
30810,1.7954,0.0698,0.3218,1.8254,-66.4634,51.8902,-16.8902,-41.51,44.85
30820,1.3823,0.2163,0.3633,1.4455,-119.2073,4.1463,-4.3293,-41.51,44.85
30830,0.9961,0.2725,0.1924,1.0505,-131.8902,-17.0122,-23.5366,-44.67,44.66
30840,0.9478,0.1196,0.1074,0.9613,-106.8293,-23.9024,-30.1220,-44.67,44.66
30850,0.8652,-0.0264,0.0649,0.8681,-79.8781,-37.7439,-34.2683,-49.08,37.26
30860,0.7178,-0.1108,0.0068,0.7263,-60.1829,-55.6707,-40.9756,-49.08,37.26
30870,0.6040,-0.1763,-0.0376,0.6303,-55.0000,-74.1463,-53.5976,-52.17,22.84
30880,0.5347,-0.1289,-0.0728,0.5548,-57.6829,-92.6829,-66.7073,-52.17,22.84
30890,0.5459,-0.0029,-0.1851,0.5764,-63.0488,-117.3171,-75.0610,-55.14,2.08
30900,0.5703,0.1401,-0.2744,0.6482,-63.4146,-138.8415,-81.7683,-55.14,2.08
30910,0.6792,0.1777,-0.2979,0.7626,-51.0366,-145.3049,-91.2195,-57.23,16.33
30920,0.8413,0.1772,-0.2705,0.9013,-37.3171,-149.0854,-97.9878,-57.23,16.33
30930,0.9160,0.1689,-0.1709,0.9470,-29.7561,-163.4146,-97.6220,-60.51,27.96
30940,0.8794,0.1431,-0.0957,0.8961,-22.2561,-183.3537,-94.6341,-60.51,27.96
30950,0.8496,0.1274,-0.0874,0.8635,-17.9268,-198.5366,-96.6463,-64.21,37.45
30960,0.8823,0.1675,-0.1475,0.9101,-18.3537,-208.4756,-103.6585,-64.21,37.45
30970,0.9219,0.2524,-0.2148,0.9797,-16.9512,-216.7073,-110.9756,-66.76,46.59
30980,0.9917,0.3071,-0.2837,1.0762,-16.5244,-223.1098,-116.8293,-66.76,46.59
30990,1.0908,0.2822,-0.3145,1.1698,-21.4634,-231.7683,-122.9878,-69.05,55.55
31000,1.1729,0.2129,-0.2837,1.2253,-39.5732,-245.9756,-126.8293,-69.05,55.55
31010,1.2202,0.3594,-0.2134,1.2898,-66.2805,-254.2073,-131.0976,-71.55,61.47
31020,1.4551,0.6182,-0.3252,1.6140,-82.7439,-240.1220,-139.6951,-71.55,61.47
31030,1.6123,0.8442,-0.5986,1.9159,-65.7317,-237.6829,-126.7073,-72.26,67.26
31040,0.9629,0.6348,-0.6460,1.3219,-30.0610,-213.5366,-115.9146,-72.26,67.26
31050,1.0654,0.4155,-0.7842,1.3866,-21.5854,-152.5000,-119.3902,-71.43,75.55
31060,1.2983,0.0625,-0.8999,1.5810,-22.5610,-131.0976,-91.8902,-71.43,75.55
31070,1.2539,-0.2808,-0.9375,1.5906,-38.9634,-153.2927,-44.6951,-70.87,51.31
31080,0.8921,-0.4277,-0.4731,1.0967,-70.1220,-168.5366,6.2195,-70.87,51.31
31090,0.7954,-0.3496,0.0146,0.8690,-104.7561,-149.2683,51.7683,-71.75,36.48
31100,0.9360,-0.1431,0.0610,0.9489,-152.6219,-133.0488,83.1098,-71.75,36.48
31110,0.9248,0.0127,-0.0977,0.9300,-201.7683,-139.5122,112.9878,-74.22,48.27
31120,0.6665,0.2559,-0.0864,0.7191,-213.6585,-134.5122,140.7927,-74.22,48.27
31130,0.6602,0.4761,-0.1079,0.8210,-211.0976,-113.4756,162.5610,-73.17,51.82
31140,0.6841,0.6323,-0.1333,0.9410,-201.8293,-100.7927,191.4634,-73.17,51.82
31150,0.7637,0.6895,-0.0640,1.0308,-183.0488,-84.7561,222.8659,-71.40,54.52
31160,0.9458,0.7207,-0.0371,1.1897,-171.8902,-70.4268,254.5732,-71.40,54.52
31170,1.0728,0.7280,-0.0918,1.2997,-173.5976,-68.7805,284.0854,-70.44,57.23
31180,1.1792,0.7974,-0.1572,1.4321,-180.4268,-70.7317,306.5244,-70.44,57.23
31190,1.3066,0.9365,-0.1885,1.6186,-182.3781,-70.7317,322.9268,-69.42,60.00
31200,1.4058,1.0630,-0.1777,1.7714,-172.0732,-68.2317,334.4512,-69.42,60.00
31210,1.4658,1.1084,-0.1367,1.8428,-150.6707,-62.5000,342.2561,-68.31,62.35
31220,1.5293,0.9966,-0.0718,1.8268,-127.5000,-56.4024,346.3415,-68.31,62.35
31230,1.5249,0.7900,-0.0117,1.7174,-113.0488,-54.8781,347.9878,-68.23,64.18
31240,1.4780,0.5229,0.0410,1.5684,-111.0976,-56.0366,343.9634,-68.23,64.18
31250,1.4258,0.3169,0.1675,1.4701,-123.2317,-57.1951,333.7805,-69.51,62.87
31260,1.2983,0.2383,0.3682,1.3704,-152.0122,-65.1220,320.1829,-69.51,62.87
31270,1.1299,0.2158,0.5337,1.2681,-197.9878,-80.2439,300.4268,-69.58,57.00
31280,1.0098,0.2832,0.5723,1.1947,-253.7195,-98.9634,276.4024,-69.58,57.00
31290,0.9067,0.3726,0.4663,1.0855,-314.8781,-125.4268,249.5732,-69.42,52.33
31300,0.9434,0.5840,0.3223,1.1553,-365.2439,-154.9390,228.5976,-69.42,52.33
31310,0.8062,0.8696,0.3130,1.2264,-371.8903,-179.4512,218.4146,-68.20,50.77
31320,0.5342,0.9106,0.4819,1.1606,-341.4634,-182.8049,205.3049,-68.20,50.77
31330,0.5234,0.7002,0.6982,1.1188,-301.2805,-162.4390,187.4390,-65.63,47.49
31340,0.6587,0.4307,0.8457,1.1552,-284.0854,-150.7927,172.1951,-65.63,47.49
31350,0.6665,0.3643,1.0322,1.2816,-301.2805,-166.5244,165.5488,-63.70,41.97
31360,0.4077,0.5400,0.9546,1.1701,-328.7805,-197.1342,161.5854,-63.70,41.97
31370,0.0986,0.6650,0.7715,1.0233,-346.8903,-216.1585,147.9268,-59.83,38.73
31380,0.0747,0.8721,0.7305,1.1400,-344.6342,-213.1098,128.5976,-59.83,38.73
31390,0.0137,1.0083,0.7734,1.2709,-322.3781,-210.1829,109.0854,-55.80,37.21
31400,-0.0981,0.9893,0.9458,1.3722,-292.0732,-207.5000,93.5366,-55.80,37.21
31410,-0.2251,0.8721,0.9585,1.3153,-256.7073,-197.9878,82.8049,-51.02,35.40
31420,-0.2471,0.8247,0.1777,0.8791,-236.5244,-187.3171,71.4634,-51.02,35.40
31430,0.0640,0.5020,-0.5728,0.7643,-386.4634,-288.7195,56.0976,-48.99,42.26
31440,-0.1875,2.1836,1.1504,2.4752,-334.1464,-266.8903,117.9268,-48.99,42.26
31450,-0.0674,3.2461,0.0752,3.2477,-130.5488,-103.8415,32.0122,-44.91,45.73
31460,0.7295,3.5112,0.9634,3.7134,-42.5000,-27.0732,-42.9878,-44.91,45.73
31470,1.1953,3.4790,1.2939,3.8996,200.3659,58.5976,-45.6098,-41.68,49.92
31480,1.7178,1.0645,0.5459,2.0933,374.0244,87.9268,-30.4878,-41.68,49.92
31500,5.7554,-1.6411,-1.1958,6.1031,293.2317,55.2439,30.6098,-43.22,37.29
31510,4.8447,-1.9097,0.7568,5.2622,222.0732,11.9512,45.5488,-43.22,37.29
31520,2.0723,0.2866,0.8022,2.2405,34.6341,-86.7073,-2.6829,-45.49,28.72
31530,0.6396,1.5107,-0.9292,1.8854,-103.5976,-215.9756,28.7805,-45.49,28.72
31540,-1.3413,1.6812,-1.1792,2.4527,-107.3171,-228.3537,47.9878,-44.87,37.08
31550,-0.6899,1.8457,-1.3286,2.3765,-55.2439,-154.1463,19.3902,-44.87,37.08
31560,0.3916,0.3384,-0.9131,1.0496,87.5610,-71.1585,1.8902,-40.08,45.45
31570,1.2329,-0.9834,-0.6230,1.6957,108.5366,27.6829,-27.5610,-40.08,45.45
31580,1.4390,-0.2651,-0.7183,1.6300,2.0732,38.2927,-17.0732,-40.49,29.64
31590,0.6128,0.9507,-0.8989,1.4448,-60.9756,3.9634,6.3415,-40.49,29.64
31600,0.3594,1.1299,-0.9355,1.5103,-61.1585,25.0000,5.1829,-38.92,39.47
31610,0.6152,0.8062,-0.8730,1.3381,-54.5122,65.4878,-1.7683,-38.92,39.47
31620,0.7974,0.5190,-0.7861,1.2342,-63.1098,89.0244,2.3171,-37.17,48.76
31630,0.9087,0.5664,-0.7837,1.3269,-80.9756,101.5854,12.0732,-37.17,48.76
31640,1.0049,0.6191,-0.8267,1.4410,-100.3659,103.4146,24.2073,-36.86,57.57
31650,1.2075,0.5073,-0.8818,1.5790,-117.0732,106.7683,31.7683,-36.86,57.57
31660,1.4448,0.4517,-0.8877,1.7549,-127.1341,118.6585,41.3415,-37.20,65.77
31670,2.2134,0.4097,-0.3345,2.2757,-105.0610,151.7073,47.5000,-37.20,65.77
31680,2.2163,0.3403,0.2544,2.2567,-73.1707,140.9146,45.7927,-39.77,71.17
31690,2.1353,0.0049,0.6587,2.2345,-50.4268,130.4878,33.2927,-39.77,71.17
31700,1.9785,-0.4521,0.7520,2.1643,-78.4146,94.0244,32.1951,-41.91,63.64
31710,1.3921,-0.3726,0.7373,1.6187,-161.2805,22.1341,44.5732,-43.45,53.14
31720,0.8613,-0.1548,0.4917,1.0038,-252.7439,-36.5854,42.2561,-43.45,53.14
31730,0.8984,-0.0537,-0.1152,0.9074,-321.1585,-78.4146,22.2561,-48.00,29.44
31740,0.9863,-0.0312,-0.8047,1.2733,-330.1219,-125.6707,14.2073,-48.00,29.44
31750,0.3579,0.2461,-0.9092,1.0076,-239.5732,-140.3049,11.1585,-46.55,40.82
31760,0.0024,0.3779,-0.4536,0.5904,-103.5366,-96.5854,-18.4146,-46.55,40.82
31770,0.6094,-0.3076,-0.4370,0.8105,-23.7805,-67.8659,-48.4146,-47.38,22.04
31780,0.8599,-0.5396,-0.1577,1.0273,-32.2561,-102.6829,-50.6098,-47.38,22.04
31790,0.6396,-0.2188,0.2964,0.7381,-79.5122,-138.9024,-56.1585,-49.90,15.48
31800,0.5850,-0.0156,0.5898,0.8309,-127.1341,-158.9024,-63.6585,-49.90,15.48
31810,0.6470,0.0449,0.4893,0.8124,-155.0610,-174.0854,-63.4756,-51.75,13.06
31820,0.5703,0.1938,0.3105,0.6777,-164.5122,-191.6463,-65.7317,-51.75,13.06
31830,0.5063,0.4287,0.2666,0.7150,-152.3171,-194.2073,-73.4146,-52.83,16.20
31840,0.6416,0.5835,0.2173,0.8941,-120.8537,-178.1098,-83.3537,-52.83,16.20
31850,0.8149,0.6045,0.1792,1.0304,-84.2683,-166.4634,-91.2195,-54.28,21.17
31860,0.8594,0.5312,0.2036,1.0306,-48.2927,-164.5122,-94.6951,-54.28,21.17
31870,0.9097,0.4438,0.2397,1.0402,-20.6707,-161.0976,-97.5000,-56.40,25.03
31880,1.0522,0.3965,0.2271,1.1472,-9.0244,-156.4634,-100.6707,-56.40,25.03
31890,1.1841,0.3550,0.2129,1.2543,-7.9268,-158.1707,-99.6341,-59.25,28.36
31900,1.3506,0.3955,0.1035,1.4111,-13.2317,-155.9756,-95.6098,-59.25,28.36
31910,1.5591,0.5493,-0.0786,1.6549,-31.0366,-145.6098,-94.1463,-61.68,35.06
31920,1.7036,0.6328,-0.1934,1.8276,-47.0122,-131.3415,-83.4146,-61.68,35.06
31930,1.6255,0.7339,-0.3213,1.8122,-58.5976,-120.3659,-56.0366,-62.97,42.39
31940,1.3125,0.8120,-0.3252,1.5773,-49.5122,-104.5732,-19.1463,-62.97,42.39
31950,1.0073,0.5986,-0.3086,1.2117,-26.9512,-78.6585,7.8659,-63.01,49.63
32020,0.5474,0.4458,-0.2705,0.7560,1.0976,83.6585,113.5976,-58.40,67.44
32030,0.5264,0.3843,-0.2524,0.6989,1.5244,103.2927,127.6829,-56.51,73.04
32040,0.5669,0.2896,-0.2432,0.6814,1.8902,122.2561,138.1707,-56.51,73.04
32050,0.6421,0.1538,-0.2363,0.7013,-3.7195,137.6829,147.0732,-56.25,80.40
32060,0.6997,0.0815,-0.2715,0.7549,-20.6098,145.1219,154.2073,-56.25,80.40
32070,0.6953,0.1079,-0.3325,0.7783,-43.7195,144.5732,159.1463,-55.66,88.17
32080,0.6128,0.2339,-0.3828,0.7594,-60.7927,142.9268,163.4146,-55.66,88.17
32090,0.5098,0.3726,-0.4146,0.7553,-66.1585,144.6342,166.8902,-53.03,92.56
32100,0.4629,0.4775,-0.5044,0.8347,-62.8659,148.7805,168.4756,-53.03,92.56
32110,0.4624,0.5688,-0.6470,0.9777,-60.7927,150.0610,166.2805,-49.20,96.62
32120,0.4971,0.6646,-0.7725,1.1338,-58.7805,149.5122,161.1585,-49.20,96.62
33240,0.8999,-0.2217,-0.1274,0.9355,139.1463,-79.8171,-139.9390,-41.32,78.64
33250,0.8174,-0.2075,0.2266,0.8732,107.5000,-117.6829,-135.9756,-45.18,67.50
33260,0.8062,-0.2295,0.5444,0.9995,71.7683,-137.2561,-133.7195,-45.18,67.50
33270,0.8955,-0.3511,0.8262,1.2680,33.5366,-138.9024,-130.0610,-46.41,58.75
33280,0.9639,-0.4648,0.9272,1.4159,2.8659,-145.4878,-128.4756,-46.41,58.75
33290,0.8936,-0.4541,0.8623,1.3222,-17.3171,-154.8781,-132.5610,-47.41,49.94
33300,0.8037,-0.2217,0.7881,1.1472,-33.4146,-158.1098,-144.5122,-47.41,49.94
33320,1.0869,0.0771,0.3691,1.1505,6.2195,-149.3902,-152.7439,-49.62,44.10
33330,1.1709,0.0361,0.4517,1.2555,39.7561,-136.5244,-147.2561,-49.62,44.10
33340,1.4717,-0.0454,0.4648,1.5440,68.6585,-106.7683,-138.4756,-52.77,40.51
33350,2.1348,0.1875,0.0771,2.1444,59.6951,-68.7805,-144.7561,-52.77,40.51
33360,2.5947,0.5864,-0.0977,2.6620,3.9634,-57.1951,-159.4512,-56.57,43.76
33370,2.3208,0.6387,-0.3291,2.4295,-18.9634,-66.8902,-125.0000,-56.57,43.76
33380,1.5376,0.5063,-0.4590,1.6826,7.2561,-59.8171,-58.3537,-58.79,50.94
33390,0.9673,0.2852,-0.4946,1.1232,43.1707,-18.6585,-23.9634,-58.79,50.94
33400,0.8384,0.1772,-0.4521,0.9689,67.8049,39.4512,-21.0366,-59.03,61.24
33410,0.9663,0.2212,-0.3159,1.0404,79.1463,96.8902,-14.5732,-59.03,61.24
33420,1.1616,0.2290,-0.2163,1.2036,70.0610,140.0000,7.8049,-59.08,70.32
33430,1.0801,0.1484,-0.1777,1.1046,50.9146,170.1219,38.7195,-59.08,70.32
33440,0.8306,0.0986,-0.1870,0.8571,32.9268,194.6342,65.9756,-59.43,77.76
33450,0.6431,0.1675,-0.1694,0.6858,22.5000,220.7927,84.0244,-59.43,77.76
33460,0.6455,0.3091,-0.1553,0.7323,19.9390,252.1342,97.2561,-58.46,83.72
33470,0.7817,0.4404,-0.1851,0.9162,25.4878,281.5854,111.8902,-58.46,83.72
33480,0.8730,0.4858,-0.2451,1.0288,42.4390,304.0244,129.1463,-55.94,86.86
33490,0.8916,0.4424,-0.2412,1.0241,66.0366,324.4512,142.6829,-55.94,86.86
33500,0.9307,0.3394,-0.1968,1.0100,86.7683,341.7683,150.9756,-53.48,90.63
33510,0.9331,0.2651,-0.1079,0.9760,97.8659,350.4878,156.0976,-53.48,90.63
33520,0.8701,0.1958,-0.0649,0.8942,96.0976,349.4512,157.8659,-52.27,93.66
33530,0.7603,0.1406,-0.0762,0.7769,84.3902,341.8293,153.9024,-51.78,96.90
33540,0.6880,0.1543,-0.1211,0.7154,68.2927,333.8415,144.3902,-51.78,96.90
33550,0.7236,0.2866,-0.2563,0.8195,50.3659,326.5244,132.0732,-49.86,100.84
33560,0.8838,0.5527,-0.4653,1.1415,28.5976,317.2561,117.3781,-49.86,100.84
33570,0.9751,0.8081,-0.7036,1.4488,6.7683,298.4146,105.5488,-46.42,103.92
33580,0.8589,0.9683,-0.9453,1.6028,-13.5976,268.9024,94.6341,-46.42,103.92
33590,0.7070,1.0166,-1.2148,1.7347,-15.0000,243.2317,82.6829,-42.00,107.40
33600,0.6475,1.0059,-1.5859,1.9865,13.0488,222.8659,70.1220,-42.00,107.40
33610,0.5381,1.0186,-1.8965,2.2189,55.0610,197.7439,55.4878,-37.42,112.34
33620,0.3560,0.9897,-2.0518,2.3056,100.4268,166.9512,40.3659,-37.42,112.34
33630,0.1372,0.9858,-1.9702,2.2074,150.0000,140.0610,27.3171,-32.77,117.79
33640,-0.0142,0.9526,-1.6113,1.8719,199.5122,125.9756,10.7927,-32.77,117.79
33650,0.0454,0.7002,-1.1807,1.3734,247.8659,125.0610,-10.6098,-28.56,123.18
33660,0.2539,0.3325,-0.8398,0.9383,274.3903,116.1585,-31.5854,-28.56,123.18
33670,0.3022,-0.0576,-0.4468,0.5425,272.6219,87.8659,-46.5854,-28.30,96.05
33680,0.0244,-0.4097,-0.3955,0.5700,233.9634,52.7439,-47.6829,-28.30,96.05
33690,0.6313,-0.4976,-1.6250,1.8130,136.6463,2.3171,-56.2195,-27.49,71.38
33700,9.8608,0.3955,-12.6323,16.0302,-271.0366,-402.1951,-123.3537,-27.49,71.38
33710,10.4946,-0.2065,-1.7686,10.6446,-334.0244,-922.3171,-242.6829,-41.08,43.90
33720,-4.0688,6.4204,5.4521,9.3543,534.8171,21.3415,-17.6829,-41.08,43.90
33730,-1.9014,3.2388,-1.3198,3.9808,540.1829,186.9512,-188.9025,-32.43,55.59
33740,0.1675,-2.6396,-0.0200,2.6450,388.2317,-189.5122,-51.0366,-32.43,55.59
33750,0.7300,-0.5630,-0.9590,1.3302,127.6220,-183.1098,24.0854,-34.17,36.22
33760,1.1294,0.4785,-0.7446,1.4349,72.6220,-197.6829,23.1707,-34.17,36.22
33770,0.8740,0.0811,-0.6631,1.1001,98.5366,-151.5854,-1.7683,-37.37,50.79
33780,0.3774,0.3848,-0.9097,1.0574,62.7439,-76.5244,-37.3171,-37.37,50.79
33790,0.4165,-0.0435,-0.8804,0.9749,-2.0732,-61.7073,-41.1585,-36.72,27.97
33800,0.6372,0.0957,-0.9487,1.1469,-39.9390,-24.5122,-44.0244,-36.72,27.97
33810,0.6792,0.6816,-0.6450,1.1584,-65.5488,10.9756,-47.4390,-36.54,37.93
33820,0.8228,1.1084,-0.3765,1.4308,-72.6220,52.8049,-57.3171,-36.54,37.93
33830,1.4097,0.8999,-0.4077,1.7214,-89.1463,74.7561,-64.0244,-37.71,44.77
33840,1.6016,1.2095,-0.0093,2.0070,-103.2927,90.3049,-68.4146,-37.71,44.77
33850,1.7817,1.4526,-0.0415,2.2992,-83.7805,101.8293,-76.4024,-38.10,48.70
33860,1.7183,1.1963,0.0122,2.0937,-47.1341,101.2805,-72.9268,-38.10,48.70
33870,1.4575,1.1133,0.2471,1.8506,-3.3537,112.9878,-60.9756,-38.47,51.55
33880,1.4766,0.8096,0.3618,1.7224,23.5366,113.5366,-32.8659,-38.47,51.55
33890,1.2446,0.3931,0.3496,1.3512,19.1463,95.1220,-16.2805,-40.48,51.40
33900,0.9248,0.2983,0.2876,1.0134,3.4756,78.3537,-15.9756,-40.48,51.40
33910,0.7910,0.3457,0.1641,0.8787,-12.3780,66.4024,-24.1463,-42.25,52.61
33920,0.8618,0.4688,0.0186,0.9812,-21.0976,61.8293,-36.6463,-42.25,52.61
33930,0.9150,0.5708,-0.0645,1.0804,-14.2073,56.4634,-43.9024,-43.31,56.87
33940,0.7969,0.6108,-0.2344,1.0311,9.2073,39.7561,-41.8293,-43.31,56.87
33950,0.5518,0.6646,-0.3271,0.9236,47.1341,25.1220,-37.6829,-42.42,63.23
33960,0.4199,0.5571,-0.2925,0.7565,90.7317,28.5976,-44.3902,-42.42,63.23
33970,0.3657,0.6406,-0.4189,0.8483,125.3049,41.0366,-59.4512,-40.36,70.35
33980,0.4009,1.0068,-0.6279,1.2525,132.4390,12.5000,-78.3537,-40.36,70.35
33990,0.5483,1.1104,-0.4062,1.3033,168.9025,-5.6707,-80.6707,-38.86,75.84
34000,0.3999,0.7163,0.0024,0.8204,268.2317,37.1341,-81.5244,-38.86,75.84
34010,0.4087,0.1865,0.3188,0.5509,332.2561,68.9024,-90.4878,-39.15,74.28
34020,0.6846,-0.2290,0.4966,0.8762,321.6464,61.4634,-100.0000,-39.15,74.28
34030,0.8662,-0.5430,0.6309,1.2013,267.0732,23.6585,-101.2805,-39.63,65.19
34040,0.7661,-0.5059,0.6543,1.1274,198.9025,-22.5000,-101.9512,-39.63,65.19
34050,0.6431,-0.3301,0.5127,0.8862,121.0366,-65.6098,-108.1098,-40.91,56.48
34060,0.6138,-0.0415,0.2930,0.6814,64.9390,-86.8902,-116.5854,-40.91,56.48
34070,0.6431,0.2422,0.1851,0.7116,47.7439,-91.5244,-122.0732,-44.11,56.52
34080,0.6890,0.3970,0.2070,0.8217,58.5976,-85.7927,-123.5976,-44.11,56.52
34090,0.7627,0.4253,0.2354,0.9044,79.5732,-76.2195,-123.2927,-46.13,57.69
34100,0.8281,0.3779,0.2227,0.9371,93.2317,-71.4634,-123.1707,-46.13,57.69
34110,0.8647,0.3164,0.1865,0.9395,100.5488,-70.0000,-122.0122,-48.85,58.77
34120,1.0034,0.2285,0.0737,1.0317,102.6220,-65.5488,-119.2683,-48.85,58.77
34130,1.2637,0.4038,-0.3013,1.3604,90.9756,-48.5976,-118.2317,-51.23,66.39
34140,1.7246,0.7095,-0.5913,1.9563,47.9878,-17.4390,-123.7195,-51.23,66.39
34150,1.9619,0.8062,-0.7739,2.2579,0.3049,22.1341,-107.1341,-51.94,73.14
34160,0.8745,0.5034,-0.6519,1.2013,74.6341,75.0000,19.4512,-51.94,73.14
34170,0.7715,0.0337,-0.4258,0.8818,111.0976,129.0854,16.8902,-51.69,84.37
34180,1.0752,-0.0322,-0.2188,1.0977,104.5122,172.0122,15.9146,-51.69,84.37
34190,1.3496,0.0884,-0.1851,1.3651,77.6220,191.8293,27.3171,-52.93,92.08
34200,1.3179,0.2168,-0.1597,1.3451,49.8781,201.3415,45.7927,-52.93,92.08
34210,1.0356,0.2603,-0.1016,1.0727,31.9512,209.0854,61.9512,-53.24,94.29
34220,0.7588,0.2700,0.0161,0.8056,23.6585,224.0244,69.7561,-53.24,94.29
34230,0.6396,0.2554,0.1001,0.6960,24.3293,247.9878,80.3659,-52.37,91.94
34240,0.5522,0.2012,0.0552,0.5903,37.9878,273.7195,96.0976,-52.37,91.94
34250,0.4883,0.1377,-0.0674,0.5118,45.3049,291.9512,106.4634,-51.76,94.76
34260,0.5215,0.1792,-0.2065,0.5888,34.6341,298.5366,112.0122,-51.76,94.76
34270,0.5044,0.3306,-0.2251,0.6437,29.8780,299.8781,121.2805,-49.04,97.98
34280,0.5225,0.3896,-0.2026,0.6825,43.7805,306.7683,128.7195,-49.04,97.98
34290,0.6118,0.3218,-0.2495,0.7349,64.3902,316.2805,130.2439,-46.93,101.54
34300,0.6914,0.1987,-0.3608,0.8048,81.6463,317.6219,129.8171,-46.93,101.54
34310,0.6851,0.0400,-0.4814,0.8383,89.6951,312.5610,127.8049,-44.90,109.72
34320,0.7207,-0.1147,-0.5947,0.9414,86.7073,309.8781,126.7073,-44.90,109.72
34330,0.9087,-0.3408,-0.8188,1.2698,67.5610,304.0244,126.5244,-42.25,83.61
34340,1.0259,-0.4902,-0.9067,1.4543,42.1341,285.6707,128.7805,-42.25,83.61
34350,1.0220,-0.3994,-0.9819,1.4725,2.5610,250.6098,128.7805,-40.16,59.49
34360,1.0103,-0.0415,-1.1743,1.5496,-63.5976,193.8415,118.1098,-40.16,59.49
34370,0.8843,0.5195,-1.3633,1.7060,-129.5122,121.0976,99.8171,-38.18,68.29
34380,0.5039,1.1089,-1.5220,1.9493,-175.3659,46.5854,79.5122,-38.18,68.29
34390,0.1509,1.5059,-1.4653,2.1066,-181.6463,-7.6829,62.0732,-34.84,73.25
34400,-0.1318,1.7402,-1.1445,2.0870,-125.6098,-14.6341,41.3415,-34.84,73.25
34410,-0.2573,1.5742,-0.7241,1.7518,-19.0244,13.7195,16.8293,-30.39,77.22
34420,0.0415,1.0801,-0.4570,1.1735,73.5976,40.7317,-3.0488,-30.39,77.22
34430,1.5415,-0.4863,-0.0342,1.6168,142.7439,63.5976,-10.6707,-34.02,61.38
34440,4.2192,-1.4609,-2.3208,5.0321,169.7561,23.2927,22.3171,-34.02,61.38
34450,7.3540,2.5703,-3.7876,8.6622,51.5244,-115.2439,-120.0000,-37.47,70.29
34460,2.8213,4.3711,2.1060,5.6126,52.0732,-3.6585,-269.0854,-37.47,70.29
34470,0.5127,4.2236,2.1367,4.7610,278.1707,126.2805,-55.7317,-33.20,72.08
34480,0.5469,0.4121,0.0698,0.6883,264.5122,-146.4024,154.8781,-33.20,72.08
34490,-0.8892,-2.1377,-0.5879,2.3887,102.3781,-353.4756,168.6585,-30.88,55.26
34500,-0.9497,-0.9272,-0.7056,1.5032,-54.8781,-228.3537,32.5000,-30.88,55.26
34510,0.4746,0.1455,-1.3682,1.4554,-139.6342,-25.1220,-70.3049,-29.92,65.87
34520,1.4136,0.5171,-1.0718,1.8478,-93.4146,10.1829,-56.2195,-29.92,65.87
34530,1.2212,0.5850,-0.7734,1.5594,-5.9756,21.5854,-0.0610,-31.89,73.52
34540,0.7593,0.4663,-0.3325,0.9511,50.0610,71.4024,16.9512,-31.89,73.52
34550,0.5518,0.6230,0.0962,0.8378,38.9024,97.0732,9.8171,-31.89,73.52
34560,0.7622,0.7710,0.2148,1.1052,10.0000,94.2683,8.4146,-31.94,74.64
34570,1.1426,0.6284,0.1768,1.3159,-3.5976,85.9756,15.5488,-31.94,74.64
34580,1.2739,0.3843,0.2603,1.3558,0.8537,80.6707,22.5000,-34.00,74.57
34590,1.2192,0.2324,0.2866,1.2739,-14.9390,65.8537,24.1463,-34.00,74.57
34600,1.0361,0.1470,0.1030,1.0516,-62.3171,31.2195,29.0854,-37.32,70.88
34610,0.8052,0.2026,-0.0483,0.8317,-92.1951,10.9756,30.9146,-37.32,70.88
34620,0.6997,0.2681,-0.1289,0.7603,-82.9878,17.7439,26.5244,-41.04,73.31
34630,0.6548,0.3042,-0.0513,0.7238,-52.5610,35.0610,23.1707,-41.04,73.31
34640,0.7114,0.2202,0.0464,0.7462,-24.9390,47.3171,21.4024,-43.10,75.46
34650,0.8350,0.0962,0.0991,0.8463,-12.0122,48.2317,19.4512,-43.10,75.46
34660,0.9189,0.0908,0.1577,0.9368,-12.1341,40.4268,17.8049,-46.42,72.22
34670,0.9893,0.2339,0.4644,1.1176,-10.3659,33.1098,14.2683,-46.42,72.22
34680,1.1782,0.2251,0.4028,1.2654,-3.4756,25.5488,5.7927,-47.70,67.58
34690,1.2056,0.2588,0.2114,1.2510,-13.1707,7.8049,3.2927,-47.70,67.58
34700,1.0581,0.4189,0.1846,1.1529,-28.4146,-9.1463,4.1463,-50.31,65.78
34720,1.0869,0.2705,0.2349,1.1444,0.4268,-8.7805,-2.3171,-50.31,65.78
34730,1.0786,0.2998,0.1836,1.1345,4.1463,-12.8049,-3.4756,-51.87,65.05
34740,0.9556,0.4512,0.1138,1.0628,-2.1951,-22.9878,-6.9512,-51.87,65.05
34750,0.8555,0.5464,0.1201,1.0222,0.8537,-26.2195,-9.2073,-53.30,66.11
34760,0.9463,0.3989,0.0469,1.0280,16.1585,-15.6707,-9.8171,-53.30,66.11
34770,1.0771,0.2388,0.0088,1.1033,23.0488,-8.7805,-10.4268,-54.81,67.98
34780,1.0439,0.2085,0.0010,1.0646,16.1585,-8.4146,-10.5488,-54.81,67.98
34790,0.9990,0.2373,-0.0015,1.0268,3.3537,-9.5122,-11.5854,-57.27,70.30
34800,0.8999,0.4150,0.0557,0.9926,-5.0000,-10.4268,-12.0732,-57.27,70.30
34810,0.8872,0.4521,0.0112,0.9958,-7.3171,-9.2683,-12.8659,-58.14,71.46
34820,0.9277,0.4307,0.0093,1.0229,-3.1098,-4.2073,-14.4512,-58.14,71.46
34830,0.9546,0.3540,0.0332,1.0187,4.4512,0.5488,-14.6951,-58.88,73.16
34840,0.9775,0.2876,0.0664,1.0211,5.1829,1.7683,-15.0000,-58.88,73.16
34850,1.0024,0.2368,0.0952,1.0344,2.4390,0.5488,-16.3415,-60.29,73.59
34860,1.0234,0.2275,0.0537,1.0498,-1.8293,-2.5610,-19.0854,-60.29,73.59
34870,1.0024,0.2393,0.0220,1.0308,-7.0732,-8.5976,-21.5854,-62.00,73.89
34880,0.9922,0.2920,0.0459,1.0353,-4.6341,-11.0366,-25.2439,-62.00,73.89
34890,1.0576,0.3853,0.1001,1.1300,1.5244,-11.7683,-31.2805,-63.24,74.56
34900,1.1802,0.4204,0.1523,1.2620,10.5488,-10.9756,-37.4390,-63.24,74.56
34910,1.3135,0.4395,0.2051,1.4001,21.0976,-9.5122,-43.5976,-63.94,74.21
34920,1.3296,0.4893,0.2510,1.4388,26.5854,-8.9634,-47.7439,-63.94,74.21
34930,1.2642,0.4756,0.2134,1.3674,20.7317,-12.8659,-48.5366,-64.38,73.31
34940,1.1255,0.4517,0.1138,1.2181,2.6829,-23.5976,-44.6951,-64.38,73.31
34950,0.8970,0.4775,0.0562,1.0177,-10.5488,-30.8537,-37.8049,-64.91,73.59
34960,0.7510,0.4390,0.0083,0.8699,-12.6220,-28.7195,-32.8659,-64.91,73.59
34970,0.6792,0.3799,-0.0420,0.7793,-10.3659,-20.3659,-29.8171,-64.64,75.01
34980,0.6729,0.3301,-0.0977,0.7558,-12.1341,-11.2805,-27.2561,-64.64,75.01
34990,0.7744,0.3281,-0.3003,0.8931,-31.0366,-6.1585,-18.5976,-64.57,78.05
35000,0.7852,0.3696,-0.3848,0.9493,-32.2561,-1.7683,-12.0732,-64.57,78.05
35010,0.8374,0.4873,-0.4570,1.0713,-27.5610,3.3537,-7.1341,-63.71,83.57
35020,0.8750,0.6245,-0.6899,1.2774,-25.9146,-4.9390,-7.6829,-63.71,83.57
35030,0.7471,0.7026,-0.6553,1.2170,-26.0366,-25.0000,-5.6098,-61.71,88.76
35040,0.6602,0.6836,-0.4429,1.0484,-7.3171,-17.6220,-3.9634,-61.71,88.76
35050,0.7378,0.5181,-0.2778,0.9434,17.5610,3.1707,-8.1098,-59.60,92.11
35060,0.8496,0.3423,-0.1816,0.9338,27.4390,10.9146,-10.1220,-59.60,92.11
35070,0.8755,0.2378,-0.1367,0.9175,20.3049,2.7439,-8.4756,-60.09,94.95
35080,0.8784,0.2441,-0.1338,0.9215,2.8659,-10.0610,-7.8049,-60.09,94.95
35090,0.8838,0.3447,-0.1558,0.9613,-15.4878,-21.7073,-8.5976,-61.41,97.35
35100,0.8398,0.4570,-0.1758,0.9722,-27.1951,-31.0976,-6.7073,-61.41,97.35
35110,0.7764,0.5190,-0.1958,0.9542,-30.7317,-36.1585,-4.0244,-61.53,98.47
35120,0.7949,0.5190,-0.2080,0.9719,-29.3902,-37.2561,-3.1098,-61.53,98.47
35130,0.8213,0.5127,-0.1802,0.9848,-24.2073,-36.7073,-2.5610,-61.20,99.55
35140,0.8350,0.4673,-0.1396,0.9670,-22.1341,-38.2927,-2.0122,-61.20,99.55
35150,0.8384,0.4233,-0.1221,0.9471,-23.7805,-41.5854,-0.8537,-61.39,100.06
35160,0.8218,0.4214,-0.1055,0.9295,-24.8780,-44.0854,0.0610,-61.39,100.06
35170,0.8252,0.4434,-0.0728,0.9396,-24.2683,-42.6220,-0.3049,-61.86,100.23
35180,0.8325,0.4648,-0.0347,0.9541,-22.6220,-40.1220,-0.9146,-61.86,100.23
35190,0.8032,0.4927,-0.0181,0.9425,-20.7317,-40.1829,-0.0610,-62.11,99.43
35200,0.7954,0.5312,-0.0430,0.9575,-20.7927,-42.1341,0.6098,-62.11,99.43
35210,0.8330,0.5918,-0.0996,1.0267,-20.8537,-44.0854,-0.4268,-61.90,98.76
35220,0.8911,0.6333,-0.1812,1.1081,-20.4268,-46.7073,-3.9634,-61.90,98.76
35230,0.9233,0.6611,-0.2534,1.1636,-19.6951,-51.0366,-6.9512,-61.48,99.30
35240,0.8823,0.6963,-0.2427,1.1499,-8.9024,-50.5488,-8.6585,-61.48,99.30
35250,0.8442,0.6880,-0.1626,1.1011,8.9024,-42.1341,-10.3049,-60.80,100.21
35260,0.8647,0.6050,-0.0801,1.0584,23.9634,-32.1951,-11.7073,-60.80,100.21
35270,0.8999,0.5303,-0.0537,1.0459,30.7317,-27.6220,-12.6220,-60.49,100.16
35280,0.9282,0.5039,-0.0815,1.0593,26.7683,-31.9512,-12.8659,-60.49,100.16
35290,0.9346,0.5542,-0.1343,1.0948,18.9024,-40.6098,-12.6220,-60.85,100.30
35300,0.8901,0.6738,-0.1318,1.1242,17.7439,-45.0000,-13.3537,-60.85,100.30
35310,0.8330,0.7256,-0.1191,1.1111,26.7683,-42.5000,-15.9146,-60.40,100.54
35320,0.7939,0.7153,-0.1094,1.0742,41.4024,-35.8537,-18.0488,-60.40,100.54
35330,0.7837,0.6890,-0.0928,1.0476,54.5122,-27.9878,-20.1829,-59.45,100.73
35340,0.8096,0.6401,-0.1001,1.0369,59.9390,-23.6585,-21.8902,-59.45,100.73
35350,0.8047,0.6123,-0.0938,1.0155,62.5610,-22.5610,-21.2805,-58.85,101.08
35360,0.7778,0.6235,-0.0728,0.9996,68.1098,-20.0610,-19.5122,-58.85,101.08
35370,0.7437,0.6367,-0.0210,0.9792,80.7317,-11.7683,-16.4024,-58.26,101.25
35380,0.7295,0.6279,0.0635,0.9646,98.2317,3.0488,-13.9024,-58.26,101.25
35390,0.7422,0.5693,0.1504,0.9474,111.6463,16.9512,-12.3780,-57.32,100.43
35400,0.7378,0.4692,0.2148,0.9004,116.3415,23.4756,-11.2195,-57.32,100.43
35410,0.6953,0.3877,0.2715,0.8411,113.5976,25.3659,-10.1829,-56.88,97.98
35420,0.6245,0.3745,0.3604,0.8125,108.0488,28.5366,-8.8415,-56.88,97.98
35430,0.5112,0.3545,0.6128,0.8732,108.6585,34.8171,-8.2317,-55.96,93.76
35440,0.4429,0.1499,0.6450,0.7967,114.0854,50.2439,-5.3659,-55.96,93.76
35450,0.6396,0.0625,0.2422,0.6868,91.7073,55.2439,-6.6463,-53.28,86.72
35460,0.2930,0.3755,0.8711,0.9928,82.8659,45.5488,16.4024,-53.28,86.72
35470,0.5483,-0.1323,0.8765,1.0423,169.8171,124.3293,31.0976,-49.26,81.13
35480,1.4824,-1.2397,0.3213,1.9590,102.6829,143.7805,22.1951,-49.26,81.13
35490,2.1328,-1.0801,-0.7217,2.4973,-4.8171,89.8171,39.8780,-47.96,66.39
35500,1.9546,-0.4956,-1.1328,2.3129,-116.3415,0.6707,34.5122,-47.96,66.39
35510,1.2168,0.6553,-0.2290,1.4009,-108.1098,-7.1951,38.1098,-49.26,69.71
35520,0.9468,1.3447,0.2725,1.6670,2.1341,64.6341,26.7073,-49.26,69.71
35530,1.1030,1.2158,0.2031,1.6541,50.4878,89.7561,13.1098,-47.71,71.24
35540,1.0518,1.3140,0.3389,1.7168,34.7561,66.6463,12.3780,-47.71,71.24
35550,1.0122,1.3027,0.2949,1.6759,31.7073,50.3659,16.4634,-46.20,72.13
35560,1.0947,0.9526,0.1074,1.4552,46.0976,46.0366,24.2073,-46.20,72.13
35570,1.1313,0.4614,-0.0146,1.2219,57.2561,44.4512,30.8537,-47.96,74.61
35580,1.1621,0.0327,-0.1328,1.1701,44.6341,42.0732,31.2805,-47.96,74.61
35590,1.1284,-0.1421,-0.2354,1.1614,5.9146,29.3293,29.3293,-50.53,52.32
35600,0.9580,-0.0288,-0.2739,0.9968,-30.4268,15.9756,27.5000,-50.53,52.32
35610,0.8496,0.1899,-0.2871,0.9167,-46.0976,16.1585,24.0244,-52.13,61.32
35620,0.8271,0.4385,-0.1929,0.9558,-39.3902,27.7439,22.3780,-52.13,61.32
35630,0.8999,0.5552,-0.0659,1.0594,-22.8659,39.9390,21.6463,-52.37,64.66
35640,0.9907,0.4937,0.0366,1.1075,-7.0732,46.4634,22.4390,-52.37,64.66
35650,1.0288,0.3760,0.0488,1.0964,2.9268,47.8049,24.5732,-53.68,66.48
35660,0.9985,0.3159,0.0454,1.0483,1.0366,42.6829,26.1585,-53.68,66.48
35670,0.9917,0.2915,0.0034,1.0337,-6.7073,34.9390,24.8171,-55.36,68.70
35680,0.9834,0.2505,0.0312,1.0153,-10.6707,28.1707,22.9268,-55.36,68.70
35690,0.9653,0.2261,0.0166,0.9916,-9.7561,25.1220,19.5122,-57.27,70.33
35700,0.9229,0.2134,0.0479,0.9484,-10.0000,19.5732,16.4634,-57.27,70.33
35710,0.9141,0.2295,0.0107,0.9425,-11.5854,15.1220,13.4756,-59.00,71.92
35720,0.9448,0.3540,0.0723,1.0116,-19.6341,8.6585,8.3537,-59.00,71.92
35730,0.9785,0.4048,0.0684,1.0611,-18.8415,7.3171,7.7439,-59.76,72.60
35740,1.0239,0.3613,-0.0190,1.0860,-17.9878,6.9512,7.5610,-59.76,72.60
35750,0.9692,0.3760,-0.0293,1.0400,-21.1585,3.5976,7.3780,-60.62,74.60
35760,0.9185,0.3477,-0.0386,0.9828,-18.7805,3.7195,6.2805,-60.62,74.60
35770,0.9185,0.3062,-0.0327,0.9687,-11.5244,8.7195,4.7561,-61.63,76.64
35780,0.9277,0.2764,-0.0015,0.9680,-5.8537,11.8902,3.9024,-61.63,76.64
35790,0.9297,0.2197,0.0029,0.9553,-5.2439,11.4634,2.9878,-63.03,77.85
35800,0.9561,0.2500,-0.0283,0.9886,-9.6951,10.4268,2.0122,-63.03,77.85
35810,0.9478,0.3330,-0.0542,1.0060,-16.1585,9.3902,0.5488,-63.69,79.85
35820,0.9048,0.3794,-0.0449,0.9821,-10.5488,14.8171,-0.0000,-63.69,79.85
35830,0.9355,0.3623,-0.0244,1.0035,-1.7073,20.8537,-1.2195,-64.01,81.23
35840,0.9673,0.3062,-0.0063,1.0146,3.8415,24.3293,-1.8902,-64.01,81.23
35850,0.9653,0.2622,0.0332,1.0009,3.2317,24.6341,-2.6220,-64.86,81.42
35860,1.0239,0.2544,0.0542,1.0564,-3.8415,22.2561,-5.1220,-64.86,81.42
35870,1.0269,0.2939,0.0425,1.0689,-9.2073,17.1951,-6.5244,-65.60,81.37
35880,1.0015,0.3193,0.0464,1.0522,-8.3537,13.7195,-8.1098,-65.60,81.37
35890,1.0322,0.3057,0.0630,1.0784,-3.7805,12.3780,-12.5610,-66.25,81.04
35900,1.1021,0.2588,0.0854,1.1352,-0.5488,7.5610,-18.5366,-66.25,81.04
35910,1.1074,0.2964,0.1680,1.1586,5.0610,-1.0366,-22.9878,-66.92,79.02
35920,1.1558,0.3701,0.2397,1.2370,15.7317,-7.6829,-31.1585,-66.92,79.02
35930,1.3320,0.4165,0.2471,1.4173,24.9390,-14.3293,-43.9024,-67.36,77.28
35940,1.4307,0.4604,0.2476,1.5232,33.5976,-23.0488,-54.2073,-67.36,77.28
35950,1.4116,0.4551,0.2222,1.4997,40.3049,-31.2195,-60.6098,-67.93,76.31
35960,1.3398,0.4175,0.1509,1.4115,35.9756,-41.1585,-62.6220,-67.93,76.31
35970,1.2207,0.3726,0.0649,1.2779,21.8293,-51.3415,-58.6585,-68.88,76.89
35980,1.0942,0.3496,0.0093,1.1488,8.1098,-54.0244,-50.9146,-68.88,76.89
35990,1.0059,0.3735,-0.0249,1.0733,-2.3780,-50.6098,-44.3902,-69.41,78.56
36000,0.9497,0.4824,-0.1182,1.0717,-13.1707,-49.0244,-41.4024,-69.41,78.56
36010,0.8877,0.6094,-0.2095,1.0969,-15.9756,-49.3293,-37.0122,-68.31,81.46
36020,0.8799,0.5542,-0.3232,1.0890,-2.6220,-41.6463,-32.8049,-68.31,81.46
36030,0.8242,0.3896,-0.2310,0.9405,11.3415,-34.0854,-26.9512,-67.91,85.48
36040,0.8145,0.1797,-0.0508,0.8356,19.7561,-22.3780,-20.3659,-67.91,85.48
36050,0.8867,-0.0122,0.0469,0.8880,13.5976,-14.5732,-17.1341,-69.94,75.59
36060,0.8633,-0.0347,0.1328,0.8741,-11.8902,-22.2561,-15.6098,-69.94,75.59
36070,0.8018,0.0884,0.1494,0.8203,-46.5244,-37.5610,-15.9756,-71.06,70.68
36080,0.7676,0.2822,0.0991,0.8238,-71.5854,-48.3537,-16.6463,-71.06,70.68
36090,0.7227,0.4224,0.0942,0.8423,-76.7073,-49.3902,-15.1829,-70.31,70.66
36100,0.7036,0.4473,0.1060,0.8404,-67.1341,-42.1951,-11.3415,-70.31,70.66
36110,0.7129,0.4097,0.1348,0.8332,-52.6220,-31.8902,-6.7073,-69.45,70.30
36120,0.7119,0.3560,0.1802,0.8161,-41.8902,-24.1463,-1.5854,-69.45,70.30
36130,0.7065,0.3193,0.2051,0.8020,-38.7805,-20.2439,3.9634,-68.86,68.65
36140,0.6870,0.3311,0.1938,0.7869,-40.8537,-18.5366,9.3902,-68.86,68.65
36150,0.6816,0.3799,0.1426,0.7933,-43.4756,-16.9512,14.5732,-68.05,68.34
36160,0.6406,0.4517,0.1245,0.7937,-39.0244,-12.0122,20.1829,-68.05,68.34
36170,0.6133,0.4897,0.1655,0.8021,-26.2195,0.4878,24.6951,-66.23,68.40
36180,0.6992,0.4604,0.2041,0.8617,-12.3780,16.2195,27.3171,-66.23,68.40
36190,0.8101,0.3818,0.1943,0.9164,-4.5122,26.5244,29.1463,-65.58,67.82
36200,0.8809,0.3145,0.1821,0.9529,-5.0000,30.0610,30.7317,-65.58,67.82
36210,0.8999,0.2886,0.2041,0.9668,-9.5732,31.3415,32.1341,-65.59,66.43
36220,0.9136,0.2637,0.2515,0.9836,-17.3780,32.5000,32.6829,-65.59,66.43
36230,0.9385,0.2227,0.2803,1.0044,-29.2073,32.2561,32.7439,-65.66,63.37
36240,0.9380,0.2168,0.2734,1.0008,-43.2927,29.2683,33.2927,-65.66,63.37
36250,0.9185,0.2759,0.2476,0.9904,-56.1585,26.1585,33.1098,-65.66,61.33
36260,0.9106,0.3501,0.2056,0.9970,-64.6341,24.2683,32.5000,-65.66,61.33
36270,0.8896,0.4062,0.1533,0.9900,-67.5610,23.2927,33.2317,-65.28,61.53
36280,0.8477,0.4556,0.1631,0.9760,-64.8171,25.6707,34.6341,-65.28,61.53
36290,0.8330,0.4580,0.2075,0.9730,-56.8293,33.3537,36.0366,-64.34,61.42
36300,0.8633,0.3882,0.2153,0.9707,-49.3902,41.6463,38.3537,-64.34,61.42
36310,0.9219,0.3052,0.1865,0.9888,-47.9878,45.2439,39.5732,-64.38,60.71
36320,0.9067,0.2529,0.1597,0.9548,-53.4146,42.8049,39.6341,-64.38,60.71
36330,0.8633,0.2690,0.1182,0.9119,-65.6098,38.6585,39.7561,-64.71,60.67
36340,0.8862,0.3599,0.0459,0.9576,-82.4390,32.7439,38.3537,-64.71,60.67
36350,0.9346,0.4941,-0.0596,1.0588,-96.5854,24.6951,37.0122,-64.22,63.42
36360,0.9360,0.6338,-0.1445,1.1396,-102.8049,17.9268,36.4024,-64.22,63.42
36370,0.8789,0.6665,-0.2300,1.1268,-98.8415,15.7317,35.7317,-62.78,67.10
36380,0.8506,0.5630,-0.3984,1.0951,-89.0244,16.0366,34.0244,-62.78,67.10
36390,0.8516,0.5386,-0.5615,1.1535,-81.0976,10.9756,30.0000,-61.16,73.28
36400,0.8442,0.6411,-0.6733,1.2558,-77.9878,-2.9878,25.0000,-61.16,73.28
36410,0.7710,0.7402,-0.7466,1.3038,-74.8171,-18.7195,19.8780,-58.84,78.80
36420,0.6387,0.7549,-0.7612,1.2479,-64.9390,-26.1585,17.1341,-58.84,78.80
36430,0.5508,0.6978,-0.7432,1.1587,-52.6829,-25.5488,14.3902,-56.02,84.13
36440,0.6299,0.7100,-0.5674,1.1058,-42.3780,-22.2561,8.2927,-56.02,84.13
36460,0.7896,0.9336,0.7754,1.4478,58.6585,53.8415,8.3537,-53.55,84.43
36470,1.8418,0.1016,0.7041,1.9744,112.3781,85.9146,1.4634,-53.55,84.43
36480,2.4136,-0.1714,0.3086,2.4393,111.8293,55.7927,12.8049,-54.31,77.82
36490,1.7202,0.4048,0.2085,1.7795,67.8049,-3.6585,9.4512,-54.31,77.82
36500,1.0947,0.6904,0.1348,1.3013,-6.2805,-62.3171,8.7805,-56.43,76.92
36510,0.8257,0.6807,0.0283,1.0704,-37.5000,-79.7561,9.3293,-56.43,76.92
36520,0.8350,0.4429,-0.0889,0.9493,-29.6341,-74.9390,9.0244,-56.55,77.65
36530,0.8682,0.1572,-0.1904,0.9026,-7.0732,-63.7805,13.9634,-56.55,77.65
36540,0.8896,0.1289,-0.1650,0.9140,17.0732,-42.6829,11.6463,-58.88,83.87
36550,1.0068,0.1377,-0.0347,1.0168,29.6951,-24.0854,1.5854,-58.88,83.87
36560,1.1147,0.0620,0.0640,1.1183,33.4756,-15.5488,-3.9634,-61.41,86.16
36570,1.1309,0.0581,0.0928,1.1361,18.6585,-19.8171,-6.9512,-61.41,86.16
36580,1.0596,0.1201,0.1338,1.0747,-12.3780,-34.5732,-7.0732,-63.89,80.92
36590,0.9824,0.2944,0.0010,1.0256,-37.8659,-43.6585,-5.9146,-63.89,80.92
36600,0.9175,0.5166,-0.0435,1.0538,-46.7073,-46.0976,-7.1341,-65.23,81.47
36610,0.8755,0.5498,-0.0400,1.0346,-26.2805,-34.8780,-6.2805,-65.23,81.47
36620,0.9199,0.4033,-0.0273,1.0048,5.1829,-14.3902,-5.1220,-64.80,82.50
36630,1.0068,0.2256,-0.0010,1.0318,17.6829,-3.9634,-4.9390,-64.80,82.50
36640,1.0171,0.1572,0.0234,1.0294,9.6341,-6.6463,-4.5122,-66.09,83.44
36650,0.9946,0.1699,0.0190,1.0092,-10.0000,-16.9512,-4.7561,-66.09,83.44
36660,0.9336,0.2739,0.0859,0.9767,-24.8780,-25.9146,-3.7195,-67.66,83.36
36670,0.9492,0.3369,0.0166,1.0074,-20.0610,-22.3171,-5.3049,-67.66,83.36
36680,0.9561,0.3706,0.0151,1.0255,-17.8049,-22.7439,-5.3659,-68.14,83.56
36690,0.9712,0.3086,0.0059,1.0191,-9.8780,-20.9756,-5.4878,-68.14,83.56
36700,0.9849,0.2329,0.0151,1.0121,-3.4146,-19.0244,-6.1585,-68.75,84.01
36710,0.9819,0.2358,0.0342,1.0104,-4.9390,-21.4634,-7.9268,-68.75,84.01
36720,1.0044,0.2676,0.0244,1.0397,-9.7561,-26.0976,-10.4878,-69.70,83.74
36730,1.0088,0.2842,0.0615,1.0499,-7.7439,-28.5976,-13.1098,-69.70,83.74
36740,0.9990,0.2314,0.0610,1.0273,0.6707,-27.8659,-13.7195,-70.38,83.07
36750,0.9995,0.1899,0.0171,1.0175,-0.4268,-30.7317,-13.8415,-70.38,83.07
36760,0.9287,0.2627,0.0210,0.9654,-8.6585,-37.8659,-13.6585,-71.54,83.25
36770,0.8682,0.3521,-0.0156,0.9370,-12.1951,-42.1951,-14.0854,-71.54,83.25
36780,0.8726,0.4175,-0.0439,0.9683,-7.3780,-41.7073,-15.4878,-71.56,84.07
36790,0.9326,0.4414,-0.0137,1.0319,6.0976,-37.8659,-17.0122,-71.56,84.07
36800,1.0269,0.3833,0.0542,1.0974,23.4756,-32.1341,-18.1707,-71.21,84.89
36810,1.0723,0.2573,0.0352,1.1033,30.7927,-31.0976,-16.6463,-71.21,84.89
36820,1.0200,0.1899,-0.0679,1.0398,21.5854,-37.6220,-15.3659,-72.01,84.90
36830,0.9351,0.2480,-0.1440,0.9781,2.9878,-45.9146,-14.9390,-72.01,84.90
36840,0.8853,0.4097,-0.1479,0.9866,-9.6341,-49.3293,-16.0366,-72.51,88.45
36850,0.8965,0.4585,-0.1260,1.0148,-6.2805,-45.9146,-17.3171,-72.51,88.45
36860,0.9438,0.4053,-0.1646,1.0403,5.4268,-38.2317,-18.4146,-71.88,90.09
36870,0.9536,0.3535,-0.1904,1.0347,10.9756,-31.9512,-20.2439,-71.88,90.09
36880,0.9263,0.3511,-0.1655,1.0043,7.9268,-30.8537,-23.1098,-71.70,93.01
36890,0.9233,0.2588,-0.1582,0.9719,7.6829,-30.0000,-27.3171,-71.70,93.01
36900,0.9351,0.1611,-0.1914,0.9680,15.4878,-24.8171,-30.0000,-71.98,95.92
36910,0.9805,0.2637,-0.1548,1.0270,16.5854,-21.5854,-34.3902,-72.24,98.52
36920,1.0698,0.3091,-0.1484,1.1234,11.1585,-20.3659,-39.9390,-72.24,98.52
36930,1.0522,0.3457,-0.1084,1.1129,6.8293,-22.8049,-37.9268,-72.32,99.47
36940,0.9092,0.4370,-0.1196,1.0158,3.2317,-24.9390,-34.3902,-72.32,99.47
36950,0.8413,0.4731,-0.2051,0.9868,-5.8537,-24.5122,-34.5732,-71.16,100.81
36960,0.7749,0.5298,-0.2397,0.9688,-11.7683,-21.7683,-32.9268,-71.16,100.81
36970,0.6997,0.5537,-0.2578,0.9288,-8.2927,-17.6220,-29.3902,-69.09,102.16
36980,0.6997,0.5034,-0.2046,0.8859,1.3415,-9.8171,-29.2683,-69.09,102.16
36990,0.7861,0.4268,-0.1592,0.9086,18.4756,2.8049,-29.6341,-68.15,103.15
37000,0.8735,0.3398,-0.1729,0.9531,30.1220,12.0122,-27.8659,-68.15,103.15
37010,0.9170,0.2822,-0.1841,0.9769,27.3780,13.8415,-24.1463,-68.19,105.39
37020,0.9214,0.3296,-0.1729,0.9937,16.6463,11.8293,-20.5488,-68.19,105.39
37030,0.9219,0.4019,-0.1553,1.0176,5.4878,10.0000,-18.7195,-67.78,106.02
37040,0.8960,0.4468,-0.1333,1.0100,-3.0488,8.2927,-16.4024,-67.78,106.02
37050,0.8770,0.4609,-0.1250,0.9986,-7.6829,7.7439,-14.2683,-67.07,105.86
37060,0.8755,0.4663,-0.1265,1.0000,-8.2317,8.5976,-12.3171,-67.07,105.86
37070,0.8818,0.4751,-0.1221,1.0091,-5.3049,9.9390,-10.3049,-66.37,105.67
37080,0.9072,0.4771,-0.1177,1.0317,-0.9146,12.1951,-9.0854,-66.37,105.67
37090,0.9146,0.4766,-0.1143,1.0376,2.1951,13.6585,-7.8049,-65.79,105.47
37100,0.8726,0.4526,-0.1001,0.9881,2.5610,12.9268,-5.7317,-65.79,105.47
37110,0.8276,0.4126,-0.0962,0.9298,1.0976,12.5610,-4.0244,-65.39,105.25
37120,0.8354,0.3853,-0.1128,0.9269,-1.0366,13.4146,-3.4146,-65.39,105.25
37130,0.8638,0.3940,-0.1445,0.9603,-4.4512,12.9268,-3.2317,-65.14,105.70
37140,0.8755,0.4448,-0.1284,0.9904,-8.6585,10.1220,-3.4756,-65.14,105.70
37150,0.9209,0.4600,-0.0928,1.0335,-6.2805,10.3659,-4.0854,-64.83,105.21
37160,0.9917,0.4199,-0.0659,1.0790,0.9756,14.0244,-4.0244,-64.83,105.21
37170,1.0220,0.3740,-0.0615,1.0900,3.3537,14.2073,-3.6585,-65.19,104.65
37180,0.9917,0.3706,-0.0781,1.0616,-3.5366,8.7805,-2.5000,-65.19,104.65
37190,0.9043,0.4185,-0.0845,1.0000,-12.7439,1.7073,-0.5488,-65.13,104.21
37200,0.8232,0.4668,-0.0874,0.9504,-17.3171,-1.7073,0.4268,-65.13,104.21
37210,0.8218,0.4946,-0.0869,0.9631,-17.3171,-1.5244,0.7927,-64.48,103.63
37220,0.8813,0.5029,-0.1108,1.0208,-13.9634,0.5488,1.4024,-64.48,103.63
37230,0.9058,0.4917,-0.1353,1.0395,-10.8537,2.0122,2.6220,-64.08,103.71
37240,0.8848,0.4648,-0.1479,1.0103,-8.9634,3.1098,3.8415,-64.08,103.71
37250,0.8726,0.4468,-0.1333,0.9893,-7.1951,4.6951,3.0488,-63.82,103.94
37260,0.8784,0.4316,-0.0767,0.9817,-3.7195,6.8902,1.2805,-63.82,103.94
37270,0.8994,0.3750,-0.0649,0.9766,1.2805,10.0610,2.0732,-64.05,103.54
37280,0.9570,0.3271,-0.0996,1.0163,1.2195,12.3780,3.2317,-64.05,103.54
37290,0.9692,0.3525,-0.1299,1.0395,-3.7195,10.4268,3.4756,-64.43,104.17
37300,0.9194,0.4023,-0.1348,1.0126,-9.7561,6.7073,3.4756,-64.43,104.17
37310,0.8735,0.4312,-0.1328,0.9832,-13.4146,5.0610,3.9634,-64.21,104.35
37320,0.8579,0.4526,-0.1240,0.9779,-14.5732,5.5488,4.3293,-64.21,104.35
37330,0.8887,0.4521,-0.0947,1.0016,-13.7805,6.8293,4.2073,-63.98,103.97
37340,0.9131,0.4434,-0.0762,1.0179,-11.4634,7.9268,3.7195,-63.98,103.97
37350,0.9141,0.4272,-0.0791,1.0121,-10.9146,7.4390,4.0854,-63.98,103.52
37360,0.9038,0.4106,-0.0933,0.9971,-11.4634,6.7683,4.8780,-63.98,103.52
37370,0.8989,0.4087,-0.1060,0.9931,-11.5244,6.5854,5.1829,-64.00,103.52
37380,0.9043,0.4126,-0.1089,0.9999,-11.2195,6.2805,4.7561,-64.00,103.52
37390,0.9185,0.4185,-0.0933,1.0136,-9.6341,6.7073,4.2683,-64.04,103.34
37400,0.9224,0.4062,-0.0718,1.0104,-7.3171,7.3780,4.3293,-64.04,103.34
37410,0.9214,0.3892,-0.0630,1.0022,-7.0122,7.2561,4.0854,-64.25,102.86
37420,0.9297,0.3975,-0.0649,1.0132,-8.7805,6.0976,3.4146,-64.25,102.86
37430,0.9160,0.4238,-0.0674,1.0116,-10.3659,4.2073,3.1098,-64.28,102.39
37440,0.9111,0.4360,-0.0703,1.0125,-9.5732,4.2073,2.9878,-64.28,102.39
37450,0.9268,0.4287,-0.0679,1.0234,-6.8902,5.6707,2.5610,-64.29,101.98
37460,0.9277,0.4082,-0.0747,1.0163,-5.1220,6.2195,2.9268,-64.29,101.98
37470,0.9253,0.3926,-0.0850,1.0087,-4.9390,6.0976,3.2927,-64.46,101.96
37480,0.9302,0.3936,-0.0859,1.0137,-6.7683,6.0976,2.9878,-64.46,101.96
37490,0.9141,0.4155,-0.0532,1.0055,-12.3780,3.7195,2.7439,-64.52,101.38
37500,0.9365,0.4253,-0.0508,1.0298,-14.8171,3.4756,2.2561,-64.52,101.38
37510,0.9175,0.4390,-0.0503,1.0183,-15.6098,2.5610,2.6220,-64.47,100.76
37520,0.8892,0.4385,-0.0581,0.9931,-15.1220,2.1951,3.1098,-64.47,100.76
37530,0.8984,0.4414,-0.0757,1.0039,-13.7805,3.1098,2.5610,-64.35,100.53
37540,0.9111,0.4375,-0.0815,1.0140,-12.8659,3.2927,2.3171,-64.35,100.53
37550,0.9106,0.4136,-0.0713,1.0027,-10.7317,3.7805,2.1951,-64.41,100.36
37560,0.9185,0.3853,-0.0596,0.9978,-7.6220,5.2439,1.7683,-64.41,100.36
37570,0.9380,0.3633,-0.0483,1.0070,-6.0366,5.8537,1.0976,-64.78,100.03
37580,0.9434,0.3569,-0.0469,1.0097,-5.8537,4.8780,0.6707,-64.78,100.03
37590,0.9380,0.3726,-0.0410,1.0101,-6.5854,3.3537,-0.0610,-65.09,99.59
37600,0.9399,0.3994,-0.0273,1.0217,-6.7073,2.3171,-1.0976,-65.09,99.59
37610,0.9365,0.4111,-0.0249,1.0231,-6.6463,1.4634,-1.0366,-65.20,98.92
37620,0.9302,0.4165,-0.0366,1.0198,-7.6829,0.5488,-0.7927,-65.20,98.92
37630,0.9229,0.4302,-0.0483,1.0193,-9.1463,-1.0366,-0.5488,-65.17,98.59
37640,0.9023,0.4448,-0.0459,1.0071,-9.0854,-2.0122,-0.6707,-65.17,98.59
37650,0.8892,0.4409,-0.0537,0.9939,-8.1098,-2.1341,-0.7927,-65.02,98.35
37660,0.8984,0.4429,-0.0649,1.0038,-7.2561,-1.8293,-1.0366,-65.02,98.35
37670,0.9062,0.4541,-0.0542,1.0151,-5.9756,-1.8293,-1.7073,-64.86,98.14
37680,0.9180,0.4429,-0.0488,1.0204,-3.1707,-0.8537,-1.8902,-64.86,98.14
37690,0.9287,0.4160,-0.0498,1.0188,-1.4024,-0.2439,-1.7073,-64.94,98.00
37700,0.9224,0.3931,-0.0562,1.0042,-1.7683,-0.9756,-1.5244,-64.94,98.00
37710,0.9092,0.3809,-0.0625,0.9877,-2.4390,-1.7073,-1.5854,-65.17,98.11
37720,0.9058,0.3853,-0.0610,0.9862,-3.5366,-2.1341,-1.5244,-65.17,98.11
37730,0.9033,0.4106,-0.0532,0.9937,-4.5122,-2.5000,-1.3415,-65.21,98.00
37740,0.9062,0.4277,-0.0571,1.0037,-4.5122,-2.4390,-1.2195,-65.21,98.00
37750,0.9189,0.4434,-0.0532,1.0217,-2.9878,-1.6463,-1.5854,-65.11,97.85
37760,0.9189,0.4434,-0.0542,1.0217,-0.1829,-1.0366,-1.6463,-65.11,97.85
37770,0.9048,0.4204,-0.0518,0.9990,2.1341,-0.6098,-1.0976,-65.10,97.79
37780,0.9023,0.4038,-0.0547,0.9901,2.1951,-0.4878,-0.7317,-65.10,97.79
37790,0.9106,0.4087,-0.0596,0.9999,0.0610,-1.2195,-0.9146,-65.16,97.84
37800,0.9097,0.4248,-0.0605,1.0058,-2.0122,-2.0732,-0.8537,-65.16,97.84
37810,0.9072,0.4390,-0.0566,1.0094,-2.0732,-1.9512,-0.5488,-65.06,97.77
37820,0.9155,0.4370,-0.0615,1.0163,-0.6098,-0.8537,-0.3659,-65.06,97.77
37830,0.9204,0.4268,-0.0645,1.0166,0.7927,-0.1829,-0.5488,-65.04,97.86
37840,0.9199,0.4092,-0.0537,1.0083,1.3415,-0.1829,-0.7317,-65.04,97.86
37850,0.9189,0.3945,-0.0532,1.0015,1.6463,-0.3049,-0.6098,-65.20,97.86
37860,0.9233,0.3926,-0.0566,1.0049,0.9756,-0.6707,-0.4878,-65.20,97.86
37870,0.9165,0.4062,-0.0615,1.0044,-0.4268,-1.3415,-0.3659,-65.28,97.93
37880,0.8950,0.4170,-0.0688,0.9898,-1.5244,-2.3171,-0.0000,-65.28,97.93
37890,0.8833,0.4282,-0.0649,0.9838,-1.4024,-2.3780,-0.0610,-65.16,97.99
37900,0.9009,0.4360,-0.0586,1.0026,-0.3659,-1.4024,-0.3049,-65.16,97.99
37910,0.9185,0.4277,-0.0635,1.0152,0.5488,-0.9756,-0.1829,-65.13,98.04
37920,0.9126,0.4224,-0.0645,1.0077,1.4634,-0.9756,0.0610,-65.13,98.04
37930,0.9116,0.4131,-0.0688,1.0032,2.0122,-0.6098,-0.0000,-65.16,98.20
37940,0.9189,0.4097,-0.0713,1.0086,2.0732,-0.4878,-0.1220,-65.16,98.20
37950,0.9194,0.4087,-0.0674,1.0084,2.2561,-0.4268,-0.1220,-65.22,98.33
37960,0.9194,0.4019,-0.0581,1.0051,2.1951,-0.4268,-0.2439,-65.22,98.33
37970,0.9224,0.4038,-0.0513,1.0082,1.3415,-0.7317,-0.1829,-65.32,98.24
37980,0.9165,0.4136,-0.0620,1.0074,-0.0610,-1.2805,-0.1220,-65.32,98.24
37990,0.9092,0.4287,-0.0645,1.0073,-0.6707,-1.8293,-0.1829,-65.26,98.26
38000,0.9185,0.4395,-0.0547,1.0196,-0.6707,-1.5244,-0.4878,-65.26,98.26
38010,0.9253,0.4224,-0.0581,1.0188,-0.7317,-1.1585,-0.3049,-65.27,98.21
38020,0.9170,0.4121,-0.0664,1.0075,-1.7073,-1.7073,0.0610,-65.27,98.21
38030,0.9141,0.4141,-0.0786,1.0065,-3.3537,-2.3780,-0.1220,-65.29,98.44
38040,0.9023,0.4199,-0.0815,0.9986,-4.0244,-2.5000,-0.0000,-65.29,98.44
38050,0.8940,0.4150,-0.0742,0.9885,-2.7439,-1.8293,-0.0000,-65.25,98.58
38060,0.9014,0.4033,-0.0688,0.9899,-0.6707,-0.3659,-0.1829,-65.25,98.58
38070,0.9165,0.4004,-0.0640,1.0022,0.1829,0.5488,0.0610,-65.33,98.63
38080,0.9180,0.3999,-0.0708,1.0038,0.0000,0.4268,0.3049,-65.33,98.63
38090,0.9131,0.4033,-0.0747,1.0010,-0.5488,0.3659,0.1829,-65.38,98.81
38100,0.9150,0.4082,-0.0815,1.0053,-1.2195,0.4268,0.1220,-65.38,98.81
38110,0.9141,0.4111,-0.0771,1.0052,-1.3415,0.4878,0.2439,-65.38,98.98
38120,0.9097,0.4102,-0.0732,1.0005,-1.1585,0.6707,0.3659,-65.38,98.98
38130,0.9038,0.4214,-0.0625,0.9992,-1.2195,0.6098,-0.0000,-65.31,98.92
38140,0.9028,0.4321,-0.0542,1.0024,-0.4878,0.8537,-0.3659,-65.31,98.92
38150,0.9087,0.4253,-0.0552,1.0048,0.7317,1.4024,-0.3049,-65.24,98.77
38160,0.9194,0.4243,-0.0562,1.0142,0.5488,1.3415,-0.3049,-65.24,98.77
38170,0.9243,0.4292,-0.0596,1.0208,-0.2439,0.6707,-0.1829,-65.20,98.68
38180,0.9185,0.4185,-0.0669,1.0115,-0.5488,0.0610,-0.0000,-65.20,98.68
38190,0.9131,0.4048,-0.0688,1.0012,-0.1829,0.1829,-0.0000,-65.26,98.78
38200,0.9121,0.4023,-0.0723,0.9995,-0.1220,0.3049,0.0610,-65.26,98.78
38210,0.9009,0.4067,-0.0742,0.9912,-0.6098,0.0610,-0.1220,-65.26,98.93
38220,0.8960,0.4092,-0.0674,0.9873,-0.6098,0.1829,-0.1829,-65.26,98.93
38230,0.9121,0.4170,-0.0601,1.0047,-0.1829,0.9756,-0.3659,-65.25,98.85
38240,0.9233,0.4214,-0.0654,1.0171,0.2439,1.3415,-0.3049,-65.25,98.85
38250,0.9170,0.4170,-0.0679,1.0096,0.1829,1.2195,0.0610,-65.24,98.89
38260,0.9126,0.4146,-0.0713,1.0049,0.1220,1.2805,-0.0000,-65.24,98.89
38270,0.9121,0.4116,-0.0713,1.0032,-0.4878,1.1585,-0.1220,-65.24,98.98
38280,0.9058,0.4160,-0.0708,0.9992,-1.2805,0.9146,-0.0000,-65.24,98.98
38290,0.8970,0.4229,-0.0669,0.9939,-1.3415,0.9756,-0.0610,-65.16,98.97
38300,0.9092,0.4224,-0.0649,1.0046,-0.3659,1.7683,-0.1220,-65.16,98.97
38310,0.9214,0.4155,-0.0674,1.0130,-0.1220,2.1341,-0.1220,-65.17,98.99
38320,0.9116,0.4043,-0.0688,0.9996,-1.6463,1.4634,0.1220,-65.17,98.99
38330,0.9058,0.4092,-0.0698,0.9963,-2.0732,1.3415,0.2439,-65.18,99.04
38340,0.9043,0.4150,-0.0688,0.9974,-1.8293,1.7073,0.1829,-65.18,99.04
38350,0.9165,0.4204,-0.0630,1.0103,-0.9146,2.4390,-0.0000,-65.15,98.98
38360,0.9219,0.4229,-0.0635,1.0162,-0.0610,2.8049,0.1220,-65.15,98.98
38370,0.9116,0.4189,-0.0596,1.0050,0.1220,2.5000,0.3659,-65.12,98.90
38380,0.9155,0.4219,-0.0527,1.0094,0.3659,2.6220,-0.1220,-65.12,98.90
